row_id,journal,year,pubmed,discipline,meta_analysis,random_model,md,smd,odds_ratio,hazard_ratio,risk_ratio,estimates,studies,pooled_effect,ci_level,ci_lower,ci_upper,p_value,i_square,tau_square,pi_lower,pi_upper,which_figure,notes
1,BMJ,2019,31801749,med,,,,,,,,,,,,,,,,,,,,
2,JAMA,2012,22968891,med,,,,,,,,,,,,,,,,,,,,
3,BMJ,2012,23220130,med,,,,,,,,,,,,,,,,,,,,
4,BMJ,2016,27071971,med,,,,,,,,,,,,,,,,,,,,
5,JAMA,2013,23280227,med,,,,,,,,,,,,,,,,,,,,
6,BMJ,2012,22849956,med,,,,,,,,,,,,,,,,,,,,
7,PLoS Med,2016,27755538,med,,,,,,,,,,,,,,,,,,,,
8,BMJ,2017,29167102,med,,,,,,,,,,,,,,,,,,,,
9,JAMA,2012,22665107,med,,,,,,,,,,,,,,,,,,,,
10,Lancet,2016,27289172,med,,,,,,,,,,,,,,,,,,,,
11,Environ Health Perspect,2017,28982642,med,,,,,,,,,,,,,,,,,,,,
12,Ann Intern Med,2014,24658694,med,,,,,,,,,,,,,,,,,,,,
13,JAMA,2013,23423413,med,,,,,,,,,,,,,,,,,,,,
14,BMJ,2019,30867144,med,,,,,,,,,,,,,,,,,,,,
15,Lancet,2016,26777270,med,,,,,,,,,,,,,,,,,,,,
16,BMJ,2012,22371867,med,,,,,,,,,,,,,,,,,,,,
17,Lancet,2012,22554860,med,,,,,,,,,,,,,,,,,,,,
18,Lancet,2015,26009228,med,,,,,,,,,,,,,,,,,,,,
19,BMJ,2019,31270064,med,,,,,,,,,,,,,,,,,,,,
20,Epidemiology,2017,28570388,med,,,,,,,,,,,,,,,,,,,,
21,Ann Intern Med,2021,33428446,med,,,,,,,,,,,,,,,,,,,,
22,BMJ,2016,27091337,med,,,,,,,,,,,,,,,,,,,,
23,Ann Intern Med,2017,28632280,med,,,,,,,,,,,,,,,,,,,,
24,Ann Intern Med,2020,32805127,med,,,,,,,,,,,,,,,,,,,,
25,Lancet,2015,25777667,med,,,,,,,,,,,,,,,,,,,,
26,BMJ,2016,26936410,med,,,,,,,,,,,,,,,,,,,,
27,PLoS Med,2012,22363213,med,,,,,,,,,,,,,,,,,,,,
28,Lancet,2018,30528484,med,,,,,,,,,,,,,,,,,,,,
29,Environ Health Perspect,2021,34128690,med,,,,,,,,,,,,,,,,,,,,
30,Lancet,2012,22421339,med,,,,,,,,,,,,,,,,,,,,
31,JAMA,2015,25988462,med,,,,,,,,,,,,,,,,,,,,
32,BMJ,2020,32094151,med,,,,,,,,,,,,,,,,,,,,
33,BMJ,2020,33177069,med,,,,,,,,,,,,,,,,,,,,
34,Lancet,2016,26869575,med,,,,,,,,,,,,,,,,,,,,
35,BMJ,2013,23386268,med,,,,,,,,,,,,,,,,,,,,
36,JAMA,2018,29872859,med,,,,,,,,,,,,,,,,,,,,
37,BMJ,2020,31907166,med,,,,,,,,,,,,,,,,,,,,
38,BMJ,2012,22968722,med,,,,,,,,,,,,,,,,,,,,
39,BMJ,2012,22294757,med,,,,,,,,,,,,,,,,,,,,
40,JAMA,2020,32496521,med,,,,,,,,,,,,,,,,,,,,
41,Environ Health Perspect,2015,25625785,med,,,,,,,,,,,,,,,,,,,,
42,JAMA,2012,23287889,med,,,,,,,,,,,,,,,,,,,,
43,PLoS Med,2021,34492005,med,,,,,,,,,,,,,,,,,,,,
44,Lancet,2019,31006573,med,,,,,,,,,,,,,,,,,,,,
45,PLoS Med,2020,32357197,med,,,,,,,,,,,,,,,,,,,,
46,N Engl J Med,2015,26544982,med,,,,,,,,,,,,,,,,,,,,
47,PLoS Med,2013,23671407,med,,,,,,,,,,,,,,,,,,,,
48,PLoS Med,2014,25117081,med,,,,,,,,,,,,,,,,,,,,
49,BMJ,2013,23616031,med,,,,,,,,,,,,,,,,,,,,
50,BMJ,2022,35508320,med,,,,,,,,,,,,,,,,,,,,
51,Lancet,2013,23870817,med,,,,,,,,,,,,,,,,,,,,
52,BMJ,2022,35508321,med,,,,,,,,,,,,,,,,,,,,
53,JAMA,2018,29677303,med,,,,,,,,,,,,,,,,,,,,
54,BMJ,2014,24524926,med,,,,,,,,,,,,,,,,,,,,
55,Ann Intern Med,2015,25915661,med,,,,,,,,,,,,,,,,,,,,
56,PLoS Med,2021,34520463,med,,,,,,,,,,,,,,,,,,,,
57,PLoS Med,2019,31185012,med,,,,,,,,,,,,,,,,,,,,
58,BMJ,2017,28202713,med,,,,,,,,,,,,,,,,,,,,
59,PLoS Med,2021,34491999,med,,,,,,,,,,,,,,,,,,,,
60,PLoS Med,2020,33064751,med,,,,,,,,,,,,,,,,,,,,
61,PLoS Med,2012,23209385,med,,,,,,,,,,,,,,,,,,,,
62,JAMA,2021,34874413,med,,,,,,,,,,,,,,,,,,,,
63,Environ Health Perspect,2015,25742056,med,,,,,,,,,,,,,,,,,,,,
64,Lancet,2013,23352552,med,,,,,,,,,,,,,,,,,,,,
65,BMJ,2019,30995986,med,,,,,,,,,,,,,,,,,,,,
66,Lancet,2019,31200992,med,,,,,,,,,,,,,,,,,,,,
67,JAMA,2022,35323851,med,,,,,,,,,,,,,,,,,,,,
68,BMJ,2015,26537292,med,,,,,,,,,,,,,,,,,,,,
69,PLoS Med,2014,24492409,med,,,,,,,,,,,,,,,,,,,,
70,BMJ,2013,23533188,med,,,,,,,,,,,,,,,,,,,,
71,Lancet,2019,30773280,med,,,,,,,,,,,,,,,,,,,,
72,PLoS Med,2020,33226997,med,,,,,,,,,,,,,,,,,,,,
73,PLoS Med,2020,33119589,med,,,,,,,,,,,,,,,,,,,,
74,BMJ,2013,23645857,med,,,,,,,,,,,,,,,,,,,,
75,BMJ,2012,22306479,med,,,,,,,,,,,,,,,,,,,,
76,Ann Intern Med,2013,23648949,med,,,,,,,,,,,,,,,,,,,,
77,Ann Intern Med,2019,30884526,med,,,,,,,,,,,,,,,,,,,,
78,Epidemiology,2014,25061921,med,,,,,,,,,,,,,,,,,,,,
79,Lancet,2019,31327564,med,,,,,,,,,,,,,,,,,,,,
80,PLoS Med,2022,35045113,med,,,,,,,,,,,,,,,,,,,,
81,Lancet,2012,23013602,med,,,,,,,,,,,,,,,,,,,,
82,BMJ,2014,25352501,med,,,,,,,,,,,,,,,,,,,,
83,N Engl J Med,2012,22762317,med,,,,,,,,,,,,,,,,,,,,
84,BMJ,2012,22833605,med,,,,,,,,,,,,,,,,,,,,
85,Ann Intern Med,2017,29049539,med,,,,,,,,,,,,,,,,,,,,
86,BMJ,2012,22867913,med,,,,,,,,,,,,,,,,,,,,
87,JAMA,2019,31593272,med,,,,,,,,,,,,,,,,,,,,
88,PLoS Med,2020,33373368,med,,,,,,,,,,,,,,,,,,,,
89,BMJ,2021,33910882,med,,,,,,,,,,,,,,,,,,,,
90,BMJ,2015,26142020,med,,,,,,,,,,,,,,,,,,,,
91,BMJ,2019,30917990,med,,,,,,,,,,,,,,,,,,,,
92,PLoS Med,2013,23349622,med,,,,,,,,,,,,,,,,,,,,
93,BMJ,2020,32943437,med,,,,,,,,,,,,,,,,,,,,
94,BMJ,2022,35042741,med,,,,,,,,,,,,,,,,,,,,
95,Lancet,2021,34793745,med,,,,,,,,,,,,,,,,,,,,
96,BMJ,2020,32967840,med,,,,,,,,,,,,,,,,,,,,
97,PLoS Med,2017,28323832,med,,,,,,,,,,,,,,,,,,,,
98,PLoS Med,2020,32353039,med,,,,,,,,,,,,,,,,,,,,
99,PLoS Med,2018,29485986,med,,,,,,,,,,,,,,,,,,,,
100,PLoS Med,2015,26694529,med,,,,,,,,,,,,,,,,,,,,
101,Ann Intern Med,2017,28828492,med,,,,,,,,,,,,,,,,,,,,
102,Lancet,2019,31668726,med,,,,,,,,,,,,,,,,,,,,
103,Lancet,2022,35279232,med,,,,,,,,,,,,,,,,,,,,
104,Ann Intern Med,2014,25004169,med,,,,,,,,,,,,,,,,,,,,
105,BMJ,2019,31285198,med,,,,,,,,,,,,,,,,,,,,
106,JAMA,2021,34427595,med,,,,,,,,,,,,,,,,,,,,
107,Epidemiology,2014,24713883,med,,,,,,,,,,,,,,,,,,,,
108,BMJ,2020,32238384,med,,,,,,,,,,,,,,,,,,,,
109,JAMA,2016,26813212,med,,,,,,,,,,,,,,,,,,,,
110,Lancet,2019,31128925,med,,,,,,,,,,,,,,,,,,,,
111,BMJ,2014,24452368,med,,,,,,,,,,,,,,,,,,,,
112,BMJ,2013,24169944,med,,,,,,,,,,,,,,,,,,,,
113,PLoS Med,2014,25003901,med,,,,,,,,,,,,,,,,,,,,
114,PLoS Med,2013,23824703,med,,,,,,,,,,,,,,,,,,,,
115,PLoS Med,2021,34111122,med,,,,,,,,,,,,,,,,,,,,
116,Lancet,2021,34474011,med,,,,,,,,,,,,,,,,,,,,
117,Ann Intern Med,2014,25364886,med,,,,,,,,,,,,,,,,,,,,
118,BMJ,2020,32816816,med,,,,,,,,,,,,,,,,,,,,
119,Epidemiology,2018,30063543,med,,,,,,,,,,,,,,,,,,,,
120,PLoS Med,2021,33428616,med,,,,,,,,,,,,,,,,,,,,
121,Ann Intern Med,2018,29379948,med,,,,,,,,,,,,,,,,,,,,
122,BMJ,2012,23248080,med,,,,,,,,,,,,,,,,,,,,
123,Lancet,2016,27720497,med,,,,,,,,,,,,,,,,,,,,
124,BMJ,2021,33758001,med,,,,,,,,,,,,,,,,,,,,
125,BMJ,2018,30158200,med,,,,,,,,,,,,,,,,,,,,
126,Lancet,2014,25262344,med,,,,,,,,,,,,,,,,,,,,
127,Environ Health Perspect,2012,23131992,med,,,,,,,,,,,,,,,,,,,,
128,PLoS Med,2016,27780217,med,,,,,,,,,,,,,,,,,,,,
129,BMJ,2014,24736555,med,,,,,,,,,,,,,,,,,,,,
130,Lancet,2022,35202601,med,,,,,,,,,,,,,,,,,,,,
131,PLoS Med,2017,28898252,med,,,,,,,,,,,,,,,,,,,,
132,Epidemiology,2012,22561117,med,,,,,,,,,,,,,,,,,,,,
133,Ann Intern Med,2019,31569213,med,,,,,,,,,,,,,,,,,,,,
134,Lancet,2013,23683640,med,,,,,,,,,,,,,,,,,,,,
135,BMJ,2018,29540345,med,,,,,,,,,,,,,,,,,,,,
136,PLoS Med,2014,24586123,med,,,,,,,,,,,,,,,,,,,,
137,BMJ,2017,29133286,med,,,,,,,,,,,,,,,,,,,,
138,PLoS Med,2019,31665140,med,,,,,,,,,,,,,,,,,,,,
139,BMJ,2019,31585960,med,,,,,,,,,,,,,,,,,,,,
140,PLoS Med,2016,27459705,med,,,,,,,,,,,,,,,,,,,,
141,Ann Intern Med,2012,23362517,med,,,,,,,,,,,,,,,,,,,,
142,Environ Health Perspect,2014,24659576,med,,,,,,,,,,,,,,,,,,,,
143,BMJ,2014,25099709,med,,,,,,,,,,,,,,,,,,,,
144,BMJ,2012,23112118,med,,,,,,,,,,,,,,,,,,,,
145,Environ Health Perspect,2014,24968374,med,,,,,,,,,,,,,,,,,,,,
146,BMJ,2019,30700403,med,,,,,,,,,,,,,,,,,,,,
147,Lancet,2014,25468168,med,,,,,,,,,,,,,,,,,,,,
148,PLoS Med,2021,34582444,med,,,,,,,,,,,,,,,,,,,,
149,PLoS Med,2022,35316272,med,,,,,,,,,,,,,,,,,,,,
150,Ann Intern Med,2012,22371849,med,,,,,,,,,,,,,,,,,,,,
151,Environ Health Perspect,2021,34038220,med,,,,,,,,,,,,,,,,,,,,
152,BMJ,2012,22611164,med,,,,,,,,,,,,,,,,,,,,
153,Ann Intern Med,2013,24026259,med,,,,,,,,,,,,,,,,,,,,
154,PLoS Med,2022,35041650,med,,,,,,,,,,,,,,,,,,,,
155,PLoS Med,2021,34807920,med,,,,,,,,,,,,,,,,,,,,
156,JAMA,2018,29554174,med,,,,,,,,,,,,,,,,,,,,
157,Ann Intern Med,2022,35073157,med,,,,,,,,,,,,,,,,,,,,
158,Lancet,2013,24007976,med,,,,,,,,,,,,,,,,,,,,
159,PLoS Med,2012,22606070,med,,,,,,,,,,,,,,,,,,,,
160,JAMA,2016,27893131,med,,,,,,,,,,,,,,,,,,,,
161,PLoS Med,2020,31905226,med,,,,,,,,,,,,,,,,,,,,
162,BMJ,2020,32907799,med,,,,,,,,,,,,,,,,,,,,
163,Ann Intern Med,2015,26414227,med,,,,,,,,,,,,,,,,,,,,
164,Lancet,2017,29137869,med,,,,,,,,,,,,,,,,,,,,
165,BMJ,2016,27102806,med,,,,,,,,,,,,,,,,,,,,
166,BMJ,2013,24030561,med,,,,,,,,,,,,,,,,,,,,
167,JAMA,2012,22337681,med,,,,,,,,,,,,,,,,,,,,
168,Environ Health Perspect,2015,26008903,med,,,,,,,,,,,,,,,,,,,,
169,Lancet,2014,24656685,med,,,,,,,,,,,,,,,,,,,,
170,BMJ,2022,35236664,med,,,,,,,,,,,,,,,,,,,,
171,PLoS Med,2021,34383750,med,,,,,,,,,,,,,,,,,,,,
172,PLoS Med,2012,22952439,med,,,,,,,,,,,,,,,,,,,,
173,PLoS Med,2019,31821329,med,,,,,,,,,,,,,,,,,,,,
174,BMJ,2020,32156698,med,,,,,,,,,,,,,,,,,,,,
175,PLoS Med,2013,23976885,med,,,,,,,,,,,,,,,,,,,,
176,BMJ,2015,26420387,med,,,,,,,,,,,,,,,,,,,,
177,BMJ,2015,26608737,med,,,,,,,,,,,,,,,,,,,,
178,BMJ,2012,22872710,med,,,,,,,,,,,,,,,,,,,,
179,BMJ,2012,22277543,med,,,,,,,,,,,,,,,,,,,,
180,Ann Intern Med,2013,23460056,med,,,,,,,,,,,,,,,,,,,,
181,Epidemiology,2021,33935136,med,,,,,,,,,,,,,,,,,,,,
182,JAMA,2012,23111824,med,,,,,,,,,,,,,,,,,,,,
183,PLoS Med,2021,34003832,med,,,,,,,,,,,,,,,,,,,,
184,Lancet,2015,26411986,med,,,,,,,,,,,,,,,,,,,,
185,Lancet,2015,25579834,med,,,,,,,,,,,,,,,,,,,,
186,PLoS Med,2013,23723742,med,,,,,,,,,,,,,,,,,,,,
187,BMJ,2016,27599496,med,,,,,,,,,,,,,,,,,,,,
188,BMJ,2015,26220070,med,,,,,,,,,,,,,,,,,,,,
189,BMJ,2022,35379650,med,,,,,,,,,,,,,,,,,,,,
190,PLoS Med,2013,23935459,med,,,,,,,,,,,,,,,,,,,,
191,BMJ,2014,25232064,med,,,,,,,,,,,,,,,,,,,,
192,PLoS Med,2012,22912563,med,,,,,,,,,,,,,,,,,,,,
193,Environ Health Perspect,2015,25933359,med,,,,,,,,,,,,,,,,,,,,
194,Ann Intern Med,2016,27322622,med,,,,,,,,,,,,,,,,,,,,
195,JAMA,2019,31573636,med,,,,,,,,,,,,,,,,,,,,
196,JAMA,2013,23403684,med,,,,,,,,,,,,,,,,,,,,
197,Epidemiology,2013,23903884,med,,,,,,,,,,,,,,,,,,,,
198,PLoS Med,2016,27598322,med,,,,,,,,,,,,,,,,,,,,
199,BMJ,2013,24046285,med,,,,,,,,,,,,,,,,,,,,
200,JAMA,2016,27838722,med,,,,,,,,,,,,,,,,,,,,
201,Ann Intern Med,2016,26830221,med,,,,,,,,,,,,,,,,,,,,
202,JAMA,2015,26010634,med,,,,,,,,,,,,,,,,,,,,
203,BMJ,2014,24690623,med,,,,,,,,,,,,,,,,,,,,
204,Ann Intern Med,2016,26830055,med,,,,,,,,,,,,,,,,,,,,
205,Lancet,2012,22265699,med,,,,,,,,,,,,,,,,,,,,
206,Ann Intern Med,2019,31181575,med,,,,,,,,,,,,,,,,,,,,
207,PLoS Med,2015,26035557,med,,,,,,,,,,,,,,,,,,,,
208,Lancet,2012,23013600,med,,,,,,,,,,,,,,,,,,,,
209,PLoS Med,2014,24642791,med,,,,,,,,,,,,,,,,,,,,
210,BMJ,2019,31340932,med,,,,,,,,,,,,,,,,,,,,
211,BMJ,2017,29183961,med,,,,,,,,,,,,,,,,,,,,
212,BMJ,2019,30967483,med,,,,,,,,,,,,,,,,,,,,
213,Lancet,2016,27423262,med,,,,,,,,,,,,,,,,,,,,
214,Environ Health Perspect,2019,31850801,med,,,,,,,,,,,,,,,,,,,,
215,JAMA,2013,24150467,med,,,,,,,,,,,,,,,,,,,,
216,JAMA,2012,22496266,med,,,,,,,,,,,,,,,,,,,,
217,BMJ,2021,34789505,med,,,,,,,,,,,,,,,,,,,,
218,BMJ,2012,23048010,med,,,,,,,,,,,,,,,,,,,,
219,BMJ,2017,28052845,med,,,,,,,,,,,,,,,,,,,,
220,PLoS Med,2020,32453739,med,,,,,,,,,,,,,,,,,,,,
221,PLoS Med,2016,27898682,med,,,,,,,,,,,,,,,,,,,,
222,PLoS Med,2014,25423175,med,,,,,,,,,,,,,,,,,,,,
223,BMJ,2012,22331277,med,,,,,,,,,,,,,,,,,,,,
224,Lancet,2017,28290994,med,,,,,,,,,,,,,,,,,,,,
225,Environ Health Perspect,2015,25625876,med,,,,,,,,,,,,,,,,,,,,
226,BMJ,2019,30792179,med,,,,,,,,,,,,,,,,,,,,
227,Lancet,2015,25777661,med,,,,,,,,,,,,,,,,,,,,
228,BMJ,2013,23775799,med,,,,,,,,,,,,,,,,,,,,
229,BMJ,2022,35197242,med,,,,,,,,,,,,,,,,,,,,
230,Epidemiology,2021,34432720,med,,,,,,,,,,,,,,,,,,,,
231,Ann Intern Med,2015,26005909,med,,,,,,,,,,,,,,,,,,,,
232,BMJ,2012,22835925,med,,,,,,,,,,,,,,,,,,,,
233,BMJ,2015,25609400,med,,,,,,,,,,,,,,,,,,,,
234,Ann Intern Med,2012,22412038,med,,,,,,,,,,,,,,,,,,,,
235,JAMA,2018,30285179,med,,,,,,,,,,,,,,,,,,,,
236,Ann Intern Med,2014,24862840,med,,,,,,,,,,,,,,,,,,,,
237,PLoS Med,2018,30532209,med,,,,,,,,,,,,,,,,,,,,
238,Lancet,2020,32497510,med,,,,,,,,,,,,,,,,,,,,
239,BMJ,2014,25422259,med,,,,,,,,,,,,,,,,,,,,
240,BMJ,2014,25389143,med,,,,,,,,,,,,,,,,,,,,
241,BMJ,2016,27733360,med,,,,,,,,,,,,,,,,,,,,
242,BMJ,2015,25805204,med,,,,,,,,,,,,,,,,,,,,
243,JAMA,2016,27434443,med,,,,,,,,,,,,,,,,,,,,
244,Lancet,2012,22445239,med,,,,,,,,,,,,,,,,,,,,
245,Ann Intern Med,2012,23362516,med,,,,,,,,,,,,,,,,,,,,
246,Lancet,2013,23498095,med,,,,,,,,,,,,,,,,,,,,
247,PLoS Med,2013,23349621,med,,,,,,,,,,,,,,,,,,,,
248,PLoS Med,2012,22927798,med,,,,,,,,,,,,,,,,,,,,
249,PLoS Med,2014,24667810,med,,,,,,,,,,,,,,,,,,,,
250,PLoS Med,2014,24586120,med,,,,,,,,,,,,,,,,,,,,
251,PLoS Med,2021,34534215,med,,,,,,,,,,,,,,,,,,,,
252,BMJ,2021,33972268,med,,,,,,,,,,,,,,,,,,,,
253,PLoS Med,2019,30978205,med,,,,,,,,,,,,,,,,,,,,
254,BMJ,2019,31826881,med,,,,,,,,,,,,,,,,,,,,
255,PLoS Med,2013,23966838,med,,,,,,,,,,,,,,,,,,,,
256,BMJ,2015,26101226,med,,,,,,,,,,,,,,,,,,,,
257,Lancet,2012,22357109,med,,,,,,,,,,,,,,,,,,,,
258,PLoS Med,2017,28792500,med,,,,,,,,,,,,,,,,,,,,
259,BMJ,2013,23360719,med,,,,,,,,,,,,,,,,,,,,
260,JAMA,2012,22274685,med,,,,,,,,,,,,,,,,,,,,
261,PLoS Med,2013,24204215,med,,,,,,,,,,,,,,,,,,,,
262,BMJ,2019,30630856,med,,,,,,,,,,,,,,,,,,,,
263,JAMA,2019,31429897,med,,,,,,,,,,,,,,,,,,,,
264,PLoS Med,2022,35167593,med,,,,,,,,,,,,,,,,,,,,
265,BMJ,2015,25767129,med,,,,,,,,,,,,,,,,,,,,
266,BMJ,2019,31253632,med,,,,,,,,,,,,,,,,,,,,
267,BMJ,2019,31722884,med,,,,,,,,,,,,,,,,,,,,
268,BMJ,2016,27811064,med,,,,,,,,,,,,,,,,,,,,
269,PLoS Med,2013,23458994,med,,,,,,,,,,,,,,,,,,,,
270,BMJ,2020,32636183,med,,,,,,,,,,,,,,,,,,,,
271,BMJ,2015,25555821,med,,,,,,,,,,,,,,,,,,,,
272,Epidemiology,2015,25978795,med,,,,,,,,,,,,,,,,,,,,
273,Lancet,2012,22226047,med,,,,,,,,,,,,,,,,,,,,
274,Epidemiology,2013,23232621,med,,,,,,,,,,,,,,,,,,,,
275,JAMA,2017,29114830,med,,,,,,,,,,,,,,,,,,,,
276,JAMA,2014,24715074,med,,,,,,,,,,,,,,,,,,,,
277,Lancet,2016,27209146,med,,,,,,,,,,,,,,,,,,,,
278,Lancet,2015,26334160,med,,,,,,,,,,,,,,,,,,,,
279,Ann Intern Med,2012,22910936,med,,,,,,,,,,,,,,,,,,,,
280,BMJ,2017,28947636,med,,,,,,,,,,,,,,,,,,,,
281,PLoS Med,2019,31815931,med,,,,,,,,,,,,,,,,,,,,
282,BMJ,2014,25006006,med,,,,,,,,,,,,,,,,,,,,
283,PLoS Med,2013,23393431,med,,,,,,,,,,,,,,,,,,,,
284,Ann Intern Med,2016,26881842,med,,,,,,,,,,,,,,,,,,,,
285,Ann Intern Med,2013,23778906,med,,,,,,,,,,,,,,,,,,,,
286,PLoS Med,2013,23393428,med,,,,,,,,,,,,,,,,,,,,
287,PLoS Med,2012,22745607,med,,,,,,,,,,,,,,,,,,,,
288,JAMA,2018,30575881,med,,,,,,,,,,,,,,,,,,,,
289,BMJ,2017,28104622,med,,,,,,,,,,,,,,,,,,,,
290,JAMA,2013,24026602,med,,,,,,,,,,,,,,,,,,,,
291,BMJ,2014,25073782,med,,,,,,,,,,,,,,,,,,,,
292,Epidemiology,2014,24713878,med,,,,,,,,,,,,,,,,,,,,
293,Ann Intern Med,2014,25023250,med,,,,,,,,,,,,,,,,,,,,
294,BMJ,2016,26823518,med,,,,,,,,,,,,,,,,,,,,
295,BMJ,2018,29669716,med,,,,,,,,,,,,,,,,,,,,
296,BMJ,2018,30305269,med,,,,,,,,,,,,,,,,,,,,
297,JAMA,2016,27701660,med,,,,,,,,,,,,,,,,,,,,
298,Lancet,2017,28778541,med,,,,,,,,,,,,,,,,,,,,
299,BMJ,2018,30158148,med,,,,,,,,,,,,,,,,,,,,
300,Environ Health Perspect,2014,24835507,med,,,,,,,,,,,,,,,,,,,,
301,PLoS Med,2020,33378357,med,,,,,,,,,,,,,,,,,,,,
302,BMJ,2013,23360717,med,,,,,,,,,,,,,,,,,,,,
303,PLoS Med,2022,35239659,med,,,,,,,,,,,,,,,,,,,,
304,BMJ,2012,23044984,med,,,,,,,,,,,,,,,,,,,,
305,Lancet,2014,24529560,med,,,,,,,,,,,,,,,,,,,,
306,BMJ,2015,25828856,med,,,,,,,,,,,,,,,,,,,,
307,JAMA,2018,30167704,med,,,,,,,,,,,,,,,,,,,,
308,JAMA,2021,34255008,med,,,,,,,,,,,,,,,,,,,,
309,PLoS Med,2018,30481189,med,,,,,,,,,,,,,,,,,,,,
310,Ann Intern Med,2017,28114673,med,,,,,,,,,,,,,,,,,,,,
311,Ann Intern Med,2020,32598218,med,,,,,,,,,,,,,,,,,,,,
312,BMJ,2016,26979548,med,,,,,,,,,,,,,,,,,,,,
313,PLoS Med,2020,32956381,med,,,,,,,,,,,,,,,,,,,,
314,BMJ,2015,25881903,med,,,,,,,,,,,,,,,,,,,,
315,Ann Intern Med,2015,26414020,med,,,,,,,,,,,,,,,,,,,,
316,Ann Intern Med,2019,31569214,med,,,,,,,,,,,,,,,,,,,,
317,Environ Health Perspect,2022,35536285,med,,,,,,,,,,,,,,,,,,,,
318,Ann Intern Med,2012,22547473,med,,,,,,,,,,,,,,,,,,,,
319,Epidemiology,2014,24220191,med,,,,,,,,,,,,,,,,,,,,
320,BMJ,2013,23303886,med,,,,,,,,,,,,,,,,,,,,
321,Lancet,2013,23810019,med,,,,,,,,,,,,,,,,,,,,
322,Environ Health Perspect,2019,31148503,med,,,,,,,,,,,,,,,,,,,,
323,Ann Intern Med,2018,30583296,med,,,,,,,,,,,,,,,,,,,,
324,BMJ,2013,23335472,med,,,,,,,,,,,,,,,,,,,,
325,Lancet,2020,32771107,med,,,,,,,,,,,,,,,,,,,,
326,PLoS Med,2019,31386658,med,,,,,,,,,,,,,,,,,,,,
327,Ann Intern Med,2015,25560713,med,,,,,,,,,,,,,,,,,,,,
328,BMJ,2016,26819231,med,,,,,,,,,,,,,,,,,,,,
329,PLoS Med,2017,28463996,med,,,,,,,,,,,,,,,,,,,,
330,Ann Intern Med,2019,30597484,med,,,,,,,,,,,,,,,,,,,,
331,BMJ,2013,23444423,med,,,,,,,,,,,,,,,,,,,,
332,JAMA,2014,25247519,med,,,,,,,,,,,,,,,,,,,,
333,BMJ,2016,27737834,med,,,,,,,,,,,,,,,,,,,,
334,Ann Intern Med,2020,32092762,med,,,,,,,,,,,,,,,,,,,,
335,BMJ,2016,27895031,med,,,,,,,,,,,,,,,,,,,,
336,BMJ,2015,25556126,med,,,,,,,,,,,,,,,,,,,,
337,Ann Intern Med,2019,31610547,med,,,,,,,,,,,,,,,,,,,,
338,BMJ,2014,24850821,med,,,,,,,,,,,,,,,,,,,,
339,BMJ,2013,24355537,med,,,,,,,,,,,,,,,,,,,,
340,PLoS Med,2016,27434027,med,,,,,,,,,,,,,,,,,,,,
341,PLoS Med,2019,31597983,med,,,,,,,,,,,,,,,,,,,,
342,BMJ,2015,26419648,med,,,,,,,,,,,,,,,,,,,,
343,BMJ,2018,29487049,med,,,,,,,,,,,,,,,,,,,,
344,BMJ,2020,32699048,med,,,,,,,,,,,,,,,,,,,,
345,PLoS Med,2022,35077459,med,,,,,,,,,,,,,,,,,,,,
346,BMJ,2022,35296519,med,,,,,,,,,,,,,,,,,,,,
347,BMJ,2022,35140066,med,,,,,,,,,,,,,,,,,,,,
348,Lancet,2019,30929893,med,,,,,,,,,,,,,,,,,,,,
349,BMJ,2013,23814104,med,,,,,,,,,,,,,,,,,,,,
350,BMJ,2012,23045257,med,,,,,,,,,,,,,,,,,,,,
351,Environ Health Perspect,2020,33355482,med,,,,,,,,,,,,,,,,,,,,
352,Ann Intern Med,2017,28869986,med,,,,,,,,,,,,,,,,,,,,
353,PLoS Med,2019,31584960,med,,,,,,,,,,,,,,,,,,,,
354,Lancet,2016,26898852,med,,,,,,,,,,,,,,,,,,,,
355,BMJ,2012,22782848,med,,,,,,,,,,,,,,,,,,,,
356,BMJ,2019,31852680,med,,,,,,,,,,,,,,,,,,,,
357,BMJ,2019,31189617,med,,,,,,,,,,,,,,,,,,,,
358,PLoS Med,2021,34424908,med,,,,,,,,,,,,,,,,,,,,
359,Epidemiology,2021,34183527,med,,,,,,,,,,,,,,,,,,,,
360,BMJ,2014,25038074,med,,,,,,,,,,,,,,,,,,,,
361,JAMA,2017,28697252,med,,,,,,,,,,,,,,,,,,,,
362,PLoS Med,2022,35617363,med,,,,,,,,,,,,,,,,,,,,
363,Ann Intern Med,2015,25894025,med,,,,,,,,,,,,,,,,,,,,
364,PLoS Med,2014,24800926,med,,,,,,,,,,,,,,,,,,,,
365,JAMA,2014,25226478,med,,,,,,,,,,,,,,,,,,,,
366,PLoS Med,2020,33264277,med,,,,,,,,,,,,,,,,,,,,
367,BMJ,2020,32371466,med,,,,,,,,,,,,,,,,,,,,
368,Epidemiology,2015,26133025,med,,,,,,,,,,,,,,,,,,,,
369,Lancet,2013,23849322,med,,,,,,,,,,,,,,,,,,,,
370,PLoS Med,2014,24594975,med,,,,,,,,,,,,,,,,,,,,
371,Ann Intern Med,2013,23460057,med,,,,,,,,,,,,,,,,,,,,
372,Environ Health Perspect,2015,26091556,med,,,,,,,,,,,,,,,,,,,,
373,JAMA,2021,33755082,med,,,,,,,,,,,,,,,,,,,,
374,Lancet,2021,33617777,med,,,,,,,,,,,,,,,,,,,,
375,BMJ,2014,24687313,med,,,,,,,,,,,,,,,,,,,,
376,PLoS Med,2020,33048935,med,,,,,,,,,,,,,,,,,,,,
377,BMJ,2017,28487435,med,,,,,,,,,,,,,,,,,,,,
378,Environ Health Perspect,2013,24076757,med,,,,,,,,,,,,,,,,,,,,
379,Ann Intern Med,2015,26075755,med,,,,,,,,,,,,,,,,,,,,
380,PLoS Med,2019,31479454,med,,,,,,,,,,,,,,,,,,,,
381,BMJ,2012,23038795,med,,,,,,,,,,,,,,,,,,,,
382,Ann Intern Med,2013,23420234,med,,,,,,,,,,,,,,,,,,,,
383,PLoS Med,2017,28072872,med,,,,,,,,,,,,,,,,,,,,
384,BMJ,2013,23766464,med,,,,,,,,,,,,,,,,,,,,
385,JAMA,2013,23443444,med,,,,,,,,,,,,,,,,,,,,
386,BMJ,2019,31345923,med,,,,,,,,,,,,,,,,,,,,
387,JAMA,2014,25182101,med,,,,,,,,,,,,,,,,,,,,
388,BMJ,2016,27026510,med,,,,,,,,,,,,,,,,,,,,
389,BMJ,2016,27884869,med,,,,,,,,,,,,,,,,,,,,
390,PLoS Med,2020,32544153,med,,,,,,,,,,,,,,,,,,,,
391,PLoS Med,2019,31809499,med,,,,,,,,,,,,,,,,,,,,
392,BMJ,2013,23990623,med,,,,,,,,,,,,,,,,,,,,
393,Lancet,2016,26825231,med,,,,,,,,,,,,,,,,,,,,
394,Ann Intern Med,2016,27042809,med,,,,,,,,,,,,,,,,,,,,
395,Ann Intern Med,2015,26501851,med,,,,,,,,,,,,,,,,,,,,
396,Lancet,2020,33176180,med,,,,,,,,,,,,,,,,,,,,
397,Ann Intern Med,2019,31739316,med,,,,,,,,,,,,,,,,,,,,
398,BMJ,2018,30563866,med,,,,,,,,,,,,,,,,,,,,
399,Environ Health Perspect,2015,26340796,med,,,,,,,,,,,,,,,,,,,,
400,JAMA,2020,32515813,med,,,,,,,,,,,,,,,,,,,,
401,PLoS Med,2020,32231359,med,,,,,,,,,,,,,,,,,,,,
402,PLoS Med,2018,29558462,med,,,,,,,,,,,,,,,,,,,,
403,Lancet,2012,22560607,med,,,,,,,,,,,,,,,,,,,,
404,BMJ,2014,24821132,med,,,,,,,,,,,,,,,,,,,,
405,Ann Intern Med,2016,27776363,med,,,,,,,,,,,,,,,,,,,,
406,PLoS Med,2018,29969463,med,,,,,,,,,,,,,,,,,,,,
407,Ann Intern Med,2015,25599350,med,,,,,,,,,,,,,,,,,,,,
408,JAMA,2021,34128998,med,,,,,,,,,,,,,,,,,,,,
409,BMJ,2017,28122812,med,,,,,,,,,,,,,,,,,,,,
410,PLoS Med,2020,32315297,med,,,,,,,,,,,,,,,,,,,,
411,Environ Health Perspect,2014,24968389,med,,,,,,,,,,,,,,,,,,,,
412,JAMA,2016,26934261,med,,,,,,,,,,,,,,,,,,,,
413,Environ Health Perspect,2022,35234536,med,,,,,,,,,,,,,,,,,,,,
414,Lancet,2018,29477251,med,,,,,,,,,,,,,,,,,,,,
415,Environ Health Perspect,2016,27448387,med,,,,,,,,,,,,,,,,,,,,
416,BMJ,2018,30361202,med,,,,,,,,,,,,,,,,,,,,
417,Lancet,2012,22440947,med,,,,,,,,,,,,,,,,,,,,
418,Lancet,2015,26597771,med,,,,,,,,,,,,,,,,,,,,
419,Lancet,2013,24269108,med,,,,,,,,,,,,,,,,,,,,
420,Environ Health Perspect,2016,27152464,med,,,,,,,,,,,,,,,,,,,,
421,BMJ,2019,31434641,med,,,,,,,,,,,,,,,,,,,,
422,JAMA,2012,23093163,med,,,,,,,,,,,,,,,,,,,,
423,BMJ,2014,24615063,med,,,,,,,,,,,,,,,,,,,,
424,Lancet,2016,26880122,med,,,,,,,,,,,,,,,,,,,,
425,Environ Health Perspect,2014,24968388,med,,,,,,,,,,,,,,,,,,,,
426,Lancet,2020,32199484,med,,,,,,,,,,,,,,,,,,,,
427,BMJ,2017,29074563,med,,,,,,,,,,,,,,,,,,,,
428,JAMA,2016,27327802,med,,,,,,,,,,,,,,,,,,,,
429,PLoS Med,2021,33780450,med,,,,,,,,,,,,,,,,,,,,
430,Lancet,2016,26997557,med,,,,,,,,,,,,,,,,,,,,
431,Epidemiology,2018,29394189,med,,,,,,,,,,,,,,,,,,,,
432,JAMA,2022,35471507,med,,,,,,,,,,,,,,,,,,,,
433,BMJ,2021,34233885,med,,,,,,,,,,,,,,,,,,,,
434,Ann Intern Med,2015,26258555,med,,,,,,,,,,,,,,,,,,,,
435,BMJ,2017,28724518,med,,,,,,,,,,,,,,,,,,,,
436,JAMA,2015,26529161,med,,,,,,,,,,,,,,,,,,,,
437,BMJ,2021,33658187,med,,,,,,,,,,,,,,,,,,,,
438,BMJ,2013,23974637,med,,,,,,,,,,,,,,,,,,,,
439,JAMA,2015,25988463,med,,,,,,,,,,,,,,,,,,,,
440,Ann Intern Med,2015,26302454,med,,,,,,,,,,,,,,,,,,,,
441,Ann Intern Med,2016,27088241,med,,,,,,,,,,,,,,,,,,,,
442,JAMA,2017,29279934,med,,,,,,,,,,,,,,,,,,,,
443,BMJ,2013,24191270,med,,,,,,,,,,,,,,,,,,,,
444,Lancet,2021,34774144,med,,,,,,,,,,,,,,,,,,,,
445,Ann Intern Med,2014,25111499,med,,,,,,,,,,,,,,,,,,,,
446,Epidemiology,2018,29746370,med,,,,,,,,,,,,,,,,,,,,
447,PLoS Med,2013,23554579,med,,,,,,,,,,,,,,,,,,,,
448,Lancet,2015,26559744,med,,,,,,,,,,,,,,,,,,,,
449,Ann Intern Med,2016,27367316,med,,,,,,,,,,,,,,,,,,,,
450,Lancet,2015,26277246,med,,,,,,,,,,,,,,,,,,,,
451,Ann Intern Med,2012,22351714,med,,,,,,,,,,,,,,,,,,,,
452,BMJ,2021,33441384,med,,,,,,,,,,,,,,,,,,,,
453,Lancet,2012,23117178,med,,,,,,,,,,,,,,,,,,,,
454,Ann Intern Med,2020,32909814,med,,,,,,,,,,,,,,,,,,,,
455,Epidemiology,2012,22531668,med,,,,,,,,,,,,,,,,,,,,
456,Environ Health Perspect,2012,22814173,med,,,,,,,,,,,,,,,,,,,,
457,Ann Intern Med,2020,31905375,med,,,,,,,,,,,,,,,,,,,,
458,Environ Health Perspect,2015,25626053,med,,,,,,,,,,,,,,,,,,,,
459,Ann Intern Med,2013,23712381,med,,,,,,,,,,,,,,,,,,,,
460,Lancet,2020,32828187,med,,,,,,,,,,,,,,,,,,,,
461,Lancet,2017,29223694,med,,,,,,,,,,,,,,,,,,,,
462,JAMA,2020,33048152,med,,,,,,,,,,,,,,,,,,,,
463,BMJ,2019,31371314,med,,,,,,,,,,,,,,,,,,,,
464,Lancet,2020,32877652,med,,,,,,,,,,,,,,,,,,,,
465,PLoS Med,2021,33901173,med,,,,,,,,,,,,,,,,,,,,
466,Lancet,2019,30712879,med,,,,,,,,,,,,,,,,,,,,
467,BMJ,2020,32161042,med,,,,,,,,,,,,,,,,,,,,
468,JAMA,2021,34009257,med,,,,,,,,,,,,,,,,,,,,
469,JAMA,2013,23652523,med,,,,,,,,,,,,,,,,,,,,
470,Ann Intern Med,2014,25111745,med,,,,,,,,,,,,,,,,,,,,
471,Lancet,2015,26211827,med,,,,,,,,,,,,,,,,,,,,
472,JAMA,2020,32343335,med,,,,,,,,,,,,,,,,,,,,
473,Ann Intern Med,2016,27842420,med,,,,,,,,,,,,,,,,,,,,
474,Environ Health Perspect,2015,25956006,med,,,,,,,,,,,,,,,,,,,,
475,PLoS Med,2013,23637579,med,,,,,,,,,,,,,,,,,,,,
476,BMJ,2017,28596247,med,,,,,,,,,,,,,,,,,,,,
477,BMJ,2018,30185521,med,,,,,,,,,,,,,,,,,,,,
478,Lancet,2012,22682464,med,,,,,,,,,,,,,,,,,,,,
479,BMJ,2022,35232772,med,,,,,,,,,,,,,,,,,,,,
480,BMJ,2017,29097396,med,,,,,,,,,,,,,,,,,,,,
481,BMJ,2012,23081689,med,,,,,,,,,,,,,,,,,,,,
482,JAMA,2016,27532916,med,,,,,,,,,,,,,,,,,,,,
483,BMJ,2018,30297439,med,,,,,,,,,,,,,,,,,,,,
484,BMJ,2012,23015032,med,,,,,,,,,,,,,,,,,,,,
485,Lancet,2015,26318519,med,,,,,,,,,,,,,,,,,,,,
486,BMJ,2012,22885395,med,,,,,,,,,,,,,,,,,,,,
487,Lancet,2012,22795511,med,,,,,,,,,,,,,,,,,,,,
488,Ann Intern Med,2014,25047428,med,,,,,,,,,,,,,,,,,,,,
489,BMJ,2013,23511950,med,,,,,,,,,,,,,,,,,,,,
490,BMJ,2017,28903922,med,,,,,,,,,,,,,,,,,,,,
491,BMJ,2016,27756717,med,,,,,,,,,,,,,,,,,,,,
492,JAMA,2014,24938564,med,,,,,,,,,,,,,,,,,,,,
493,JAMA,2020,32427305,med,,,,,,,,,,,,,,,,,,,,
494,BMJ,2015,25883067,med,,,,,,,,,,,,,,,,,,,,
495,BMJ,2014,24647162,med,,,,,,,,,,,,,,,,,,,,
496,JAMA,2018,29677301,med,,,,,,,,,,,,,,,,,,,,
497,BMJ,2013,23295181,med,,,,,,,,,,,,,,,,,,,,
498,Ann Intern Med,2015,25531552,med,,,,,,,,,,,,,,,,,,,,
499,BMJ,2015,25587065,med,,,,,,,,,,,,,,,,,,,,
500,Ann Intern Med,2015,26642233,med,,,,,,,,,,,,,,,,,,,,
501,PLoS Med,2012,22807658,med,,,,,,,,,,,,,,,,,,,,
502,BMJ,2013,23558163,med,,,,,,,,,,,,,,,,,,,,
503,BMJ,2015,25810496,med,,,,,,,,,,,,,,,,,,,,
504,BMJ,2016,27754843,med,,,,,,,,,,,,,,,,,,,,
505,BMJ,2020,31964641,med,,,,,,,,,,,,,,,,,,,,
506,BMJ,2012,22563098,med,,,,,,,,,,,,,,,,,,,,
507,PLoS Med,2020,32231381,med,,,,,,,,,,,,,,,,,,,,
508,BMJ,2013,24473060,med,,,,,,,,,,,,,,,,,,,,
509,PLoS Med,2019,31386659,med,,,,,,,,,,,,,,,,,,,,
510,BMJ,2022,35331984,med,,,,,,,,,,,,,,,,,,,,
511,Lancet,2020,32446407,med,,,,,,,,,,,,,,,,,,,,
512,PLoS Med,2014,24824338,med,,,,,,,,,,,,,,,,,,,,
513,BMJ,2018,30401700,med,,,,,,,,,,,,,,,,,,,,
514,BMJ,2021,33568342,med,,,,,,,,,,,,,,,,,,,,
515,Ann Intern Med,2018,29404582,med,,,,,,,,,,,,,,,,,,,,
516,BMJ,2017,28302601,med,,,,,,,,,,,,,,,,,,,,
517,PLoS Med,2022,35385471,med,,,,,,,,,,,,,,,,,,,,
518,BMJ,2021,33441402,med,,,,,,,,,,,,,,,,,,,,
519,JAMA,2013,23982370,med,,,,,,,,,,,,,,,,,,,,
520,Lancet,2020,32386592,med,,,,,,,,,,,,,,,,,,,,
521,JAMA,2017,28118460,med,,,,,,,,,,,,,,,,,,,,
522,BMJ,2013,24196498,med,,,,,,,,,,,,,,,,,,,,
523,BMJ,2012,23150473,med,,,,,,,,,,,,,,,,,,,,
524,Ann Intern Med,2018,30534999,med,,,,,,,,,,,,,,,,,,,,
525,PLoS Med,2021,34752477,med,,,,,,,,,,,,,,,,,,,,
526,BMJ,2016,27469988,med,,,,,,,,,,,,,,,,,,,,
527,PLoS Med,2021,34495978,med,,,,,,,,,,,,,,,,,,,,
528,BMJ,2014,24452269,med,,,,,,,,,,,,,,,,,,,,
529,BMJ,2016,26956579,med,,,,,,,,,,,,,,,,,,,,
530,Ann Intern Med,2015,26148280,med,,,,,,,,,,,,,,,,,,,,
531,BMJ,2016,27098105,med,,,,,,,,,,,,,,,,,,,,
532,BMJ,2013,23335473,med,,,,,,,,,,,,,,,,,,,,
533,BMJ,2013,23403829,med,,,,,,,,,,,,,,,,,,,,
534,Lancet,2013,24011551,med,,,,,,,,,,,,,,,,,,,,
535,JAMA,2013,23571587,med,,,,,,,,,,,,,,,,,,,,
536,BMJ,2019,31405892,med,,,,,,,,,,,,,,,,,,,,
537,JAMA,2016,27299618,med,,,,,,,,,,,,,,,,,,,,
538,Lancet,2021,34774198,med,,,,,,,,,,,,,,,,,,,,
539,BMJ,2016,27094586,med,,,,,,,,,,,,,,,,,,,,
540,Lancet,2021,33933205,med,,,,,,,,,,,,,,,,,,,,
541,JAMA,2018,29801010,med,,,,,,,,,,,,,,,,,,,,
542,BMJ,2021,33762262,med,,,,,,,,,,,,,,,,,,,,
543,PLoS Med,2021,34061831,med,,,,,,,,,,,,,,,,,,,,
544,BMJ,2012,22334559,med,,,,,,,,,,,,,,,,,,,,
545,Environ Health Perspect,2015,25712593,med,,,,,,,,,,,,,,,,,,,,
546,PLoS Med,2018,29718904,med,,,,,,,,,,,,,,,,,,,,
547,Ann Intern Med,2018,30304368,med,,,,,,,,,,,,,,,,,,,,
548,BMJ,2015,26268692,med,,,,,,,,,,,,,,,,,,,,
549,PLoS Med,2019,31509529,med,,,,,,,,,,,,,,,,,,,,
550,Lancet,2012,22440946,med,,,,,,,,,,,,,,,,,,,,
551,BMJ,2016,27789483,med,,,,,,,,,,,,,,,,,,,,
552,BMJ,2019,31340984,med,,,,,,,,,,,,,,,,,,,,
553,BMJ,2021,34407988,med,,,,,,,,,,,,,,,,,,,,
554,PLoS Med,2021,34624018,med,,,,,,,,,,,,,,,,,,,,
555,BMJ,2016,27821641,med,,,,,,,,,,,,,,,,,,,,
556,Lancet,2014,25131979,med,,,,,,,,,,,,,,,,,,,,
557,BMJ,2014,24429387,med,,,,,,,,,,,,,,,,,,,,
558,PLoS Med,2015,25849352,med,,,,,,,,,,,,,,,,,,,,
559,Lancet,2021,33865495,med,,,,,,,,,,,,,,,,,,,,
560,JAMA,2015,26647259,med,,,,,,,,,,,,,,,,,,,,
561,BMJ,2020,33148618,med,,,,,,,,,,,,,,,,,,,,
562,BMJ,2019,30602577,med,,,,,,,,,,,,,,,,,,,,
563,BMJ,2016,27511067,med,,,,,,,,,,,,,,,,,,,,
564,BMJ,2020,32467098,med,,,,,,,,,,,,,,,,,,,,
565,JAMA,2016,27673306,med,,,,,,,,,,,,,,,,,,,,
566,PLoS Med,2016,27071029,med,,,,,,,,,,,,,,,,,,,,
567,PLoS Med,2020,32442232,med,,,,,,,,,,,,,,,,,,,,
568,Ann Intern Med,2016,27428849,med,,,,,,,,,,,,,,,,,,,,
569,BMJ,2013,24136633,med,,,,,,,,,,,,,,,,,,,,
570,Lancet,2012,22981903,med,,,,,,,,,,,,,,,,,,,,
571,JAMA,2019,31063572,med,,,,,,,,,,,,,,,,,,,,
572,Environ Health Perspect,2015,25978526,med,,,,,,,,,,,,,,,,,,,,
573,BMJ,2012,22371859,med,,,,,,,,,,,,,,,,,,,,
574,PLoS Med,2016,27898679,med,,,,,,,,,,,,,,,,,,,,
575,PLoS Med,2018,29462168,med,,,,,,,,,,,,,,,,,,,,
576,PLoS Med,2018,30562347,med,,,,,,,,,,,,,,,,,,,,
577,BMJ,2013,23529983,med,,,,,,,,,,,,,,,,,,,,
578,Lancet,2013,24315724,med,,,,,,,,,,,,,,,,,,,,
579,Lancet,2017,28831992,med,,,,,,,,,,,,,,,,,,,,
580,PLoS Med,2021,34547017,med,,,,,,,,,,,,,,,,,,,,
581,Lancet,2013,24075279,med,,,,,,,,,,,,,,,,,,,,
582,N Engl J Med,2017,28320242,med,,,,,,,,,,,,,,,,,,,,
583,BMJ,2016,26980184,med,,,,,,,,,,,,,,,,,,,,
584,Lancet,2019,30782340,med,,,,,,,,,,,,,,,,,,,,
585,BMJ,2015,26115663,med,,,,,,,,,,,,,,,,,,,,
586,BMJ,2014,24778175,med,,,,,,,,,,,,,,,,,,,,
587,JAMA,2021,34228774,med,,,,,,,,,,,,,,,,,,,,
588,Ann Intern Med,2016,27182696,med,,,,,,,,,,,,,,,,,,,,
589,PLoS Med,2020,32960881,med,,,,,,,,,,,,,,,,,,,,
590,JAMA,2012,22570462,med,,,,,,,,,,,,,,,,,,,,
591,Lancet,2014,25467565,med,,,,,,,,,,,,,,,,,,,,
592,JAMA,2014,25399277,med,,,,,,,,,,,,,,,,,,,,
593,BMJ,2015,26041151,med,,,,,,,,,,,,,,,,,,,,
594,BMJ,2017,28676557,med,,,,,,,,,,,,,,,,,,,,
595,BMJ,2015,26290044,med,,,,,,,,,,,,,,,,,,,,
596,BMJ,2012,22323502,med,,,,,,,,,,,,,,,,,,,,
597,PLoS Med,2013,23554581,med,,,,,,,,,,,,,,,,,,,,
598,BMJ,2013,23757735,med,,,,,,,,,,,,,,,,,,,,
599,PLoS Med,2020,32986711,med,,,,,,,,,,,,,,,,,,,,
600,BMJ,2016,27142267,med,,,,,,,,,,,,,,,,,,,,
601,BMJ,2021,34348965,med,,,,,,,,,,,,,,,,,,,,
602,Epidemiology,2013,23883870,med,,,,,,,,,,,,,,,,,,,,
603,Environ Health Perspect,2013,24273233,med,,,,,,,,,,,,,,,,,,,,
604,PLoS Med,2022,35439243,med,,,,,,,,,,,,,,,,,,,,
605,BMJ,2015,25655431,med,,,,,,,,,,,,,,,,,,,,
606,BMJ,2021,34135011,med,,,,,,,,,,,,,,,,,,,,
607,Lancet,2021,33773630,med,,,,,,,,,,,,,,,,,,,,
608,BMJ,2012,22786934,med,,,,,,,,,,,,,,,,,,,,
609,PLoS Med,2020,32407380,med,,,,,,,,,,,,,,,,,,,,
610,PLoS Med,2018,30040816,med,,,,,,,,,,,,,,,,,,,,
611,Environ Health Perspect,2014,24659585,med,,,,,,,,,,,,,,,,,,,,
612,Ann Intern Med,2013,24126648,med,,,,,,,,,,,,,,,,,,,,
613,BMJ,2013,23929894,med,,,,,,,,,,,,,,,,,,,,
614,BMJ,2012,22692650,med,,,,,,,,,,,,,,,,,,,,
615,PLoS Med,2020,32925912,med,,,,,,,,,,,,,,,,,,,,
616,PLoS Med,2020,32134952,med,,,,,,,,,,,,,,,,,,,,
617,BMJ,2015,26109551,med,,,,,,,,,,,,,,,,,,,,
618,Environ Health Perspect,2020,32783535,med,,,,,,,,,,,,,,,,,,,,
619,BMJ,2020,33239318,med,,,,,,,,,,,,,,,,,,,,
620,JAMA,2014,24892770,med,,,,,,,,,,,,,,,,,,,,
621,Lancet,2014,24680633,med,,,,,,,,,,,,,,,,,,,,
622,N Engl J Med,2013,23388002,med,,,,,,,,,,,,,,,,,,,,
623,PLoS Med,2021,34582466,med,,,,,,,,,,,,,,,,,,,,
624,Ann Intern Med,2016,27272666,med,,,,,,,,,,,,,,,,,,,,
625,PLoS Med,2012,23226107,med,,,,,,,,,,,,,,,,,,,,
626,BMJ,2016,27599725,med,,,,,,,,,,,,,,,,,,,,
627,Lancet,2014,25220191,med,,,,,,,,,,,,,,,,,,,,
628,Lancet,2016,27061677,med,,,,,,,,,,,,,,,,,,,,
629,Lancet,2013,24119980,med,,,,,,,,,,,,,,,,,,,,
630,JAMA,2019,30667501,med,,,,,,,,,,,,,,,,,,,,
631,JAMA,2015,26624827,med,,,,,,,,,,,,,,,,,,,,
632,Lancet,2014,25131978,med,,,,,,,,,,,,,,,,,,,,
633,Ann Intern Med,2017,29277852,med,,,,,,,,,,,,,,,,,,,,
634,BMJ,2018,29743278,med,,,,,,,,,,,,,,,,,,,,
635,BMJ,2019,31727627,med,,,,,,,,,,,,,,,,,,,,
636,JAMA,2018,30326501,med,,,,,,,,,,,,,,,,,,,,
637,Ann Intern Med,2021,33560863,med,,,,,,,,,,,,,,,,,,,,
638,BMJ,2013,23900314,med,,,,,,,,,,,,,,,,,,,,
639,Ann Intern Med,2014,25402514,med,,,,,,,,,,,,,,,,,,,,
640,Ann Intern Med,2012,22893011,med,,,,,,,,,,,,,,,,,,,,
641,Epidemiology,2013,23903882,med,,,,,,,,,,,,,,,,,,,,
642,BMJ,2018,30409774,med,,,,,,,,,,,,,,,,,,,,
643,Epidemiology,2015,26360372,med,,,,,,,,,,,,,,,,,,,,
644,BMJ,2018,30201790,med,,,,,,,,,,,,,,,,,,,,
645,PLoS Med,2014,24691105,med,,,,,,,,,,,,,,,,,,,,
646,N Engl J Med,2014,25271618,med,,,,,,,,,,,,,,,,,,,,
647,Lancet,2018,30424892,med,,,,,,,,,,,,,,,,,,,,
648,Ann Intern Med,2020,32176890,med,,,,,,,,,,,,,,,,,,,,
649,PLoS Med,2014,25405755,med,,,,,,,,,,,,,,,,,,,,
650,JAMA,2012,22948700,med,,,,,,,,,,,,,,,,,,,,
651,JAMA,2016,27846641,med,,,,,,,,,,,,,,,,,,,,
652,Environ Health Perspect,2018,30024382,med,,,,,,,,,,,,,,,,,,,,
653,Lancet,2015,25748612,med,,,,,,,,,,,,,,,,,,,,
654,PLoS Med,2021,33970913,med,,,,,,,,,,,,,,,,,,,,
655,BMJ,2019,31434697,med,,,,,,,,,,,,,,,,,,,,
656,Ann Intern Med,2018,29310136,med,,,,,,,,,,,,,,,,,,,,
657,Lancet,2013,23726390,med,,,,,,,,,,,,,,,,,,,,
658,JAMA,2017,29127948,med,,,,,,,,,,,,,,,,,,,,
659,BMJ,2018,30518635,med,,,,,,,,,,,,,,,,,,,,
660,Lancet,2019,31303314,med,,,,,,,,,,,,,,,,,,,,
661,Epidemiology,2021,33181564,med,,,,,,,,,,,,,,,,,,,,
662,Ann Intern Med,2015,26215539,med,,,,,,,,,,,,,,,,,,,,
663,Ann Intern Med,2014,24887617,med,,,,,,,,,,,,,,,,,,,,
664,BMJ,2013,23358488,med,,,,,,,,,,,,,,,,,,,,
665,Lancet,2021,34119000,med,,,,,,,,,,,,,,,,,,,,
666,Ann Intern Med,2012,23247939,med,,,,,,,,,,,,,,,,,,,,
667,JAMA,2018,30326511,med,,,,,,,,,,,,,,,,,,,,
668,BMJ,2019,31315828,med,,,,,,,,,,,,,,,,,,,,
669,Lancet,2021,33965067,med,,,,,,,,,,,,,,,,,,,,
670,PLoS Med,2018,30586362,med,,,,,,,,,,,,,,,,,,,,
671,PLoS Med,2013,23723741,med,,,,,,,,,,,,,,,,,,,,
672,Lancet,2019,31056295,med,,,,,,,,,,,,,,,,,,,,
673,BMJ,2014,24922745,med,,,,,,,,,,,,,,,,,,,,
674,PLoS Med,2020,32142510,med,,,,,,,,,,,,,,,,,,,,
675,Ann Intern Med,2017,28785760,med,,,,,,,,,,,,,,,,,,,,
676,BMJ,2013,23935058,med,,,,,,,,,,,,,,,,,,,,
677,BMJ,2015,25656228,med,,,,,,,,,,,,,,,,,,,,
678,Ann Intern Med,2012,23070489,med,,,,,,,,,,,,,,,,,,,,
679,BMJ,2013,23996149,med,,,,,,,,,,,,,,,,,,,,
680,Lancet,2018,30293769,med,,,,,,,,,,,,,,,,,,,,
681,Ann Intern Med,2015,26595058,med,,,,,,,,,,,,,,,,,,,,
682,JAMA,2014,25393378,med,,,,,,,,,,,,,,,,,,,,
683,Lancet,2022,35512728,med,,,,,,,,,,,,,,,,,,,,
684,BMJ,2016,27650503,med,,,,,,,,,,,,,,,,,,,,
685,BMJ,2013,24212107,med,,,,,,,,,,,,,,,,,,,,
686,Ann Intern Med,2012,22751758,med,,,,,,,,,,,,,,,,,,,,
687,Ann Intern Med,2012,22777524,med,,,,,,,,,,,,,,,,,,,,
688,BMJ,2014,24735883,med,,,,,,,,,,,,,,,,,,,,
689,BMJ,2012,22777026,med,,,,,,,,,,,,,,,,,,,,
690,BMJ,2018,29467161,med,,,,,,,,,,,,,,,,,,,,
691,Environ Health Perspect,2020,31903801,med,,,,,,,,,,,,,,,,,,,,
692,JAMA,2018,29554195,med,,,,,,,,,,,,,,,,,,,,
693,BMJ,2013,23299842,med,,,,,,,,,,,,,,,,,,,,
694,BMJ,2017,28446428,med,,,,,,,,,,,,,,,,,,,,
695,Epidemiology,2018,28863045,med,,,,,,,,,,,,,,,,,,,,
696,BMJ,2013,23814120,med,,,,,,,,,,,,,,,,,,,,
697,BMJ,2012,22411919,med,,,,,,,,,,,,,,,,,,,,
698,PLoS Med,2018,29995958,med,,,,,,,,,,,,,,,,,,,,
699,Epidemiology,2017,28410350,med,,,,,,,,,,,,,,,,,,,,
700,Ann Intern Med,2017,28395318,med,,,,,,,,,,,,,,,,,,,,
701,Lancet,2012,22819656,med,,,,,,,,,,,,,,,,,,,,
702,Ann Intern Med,2020,32479176,med,,,,,,,,,,,,,,,,,,,,
703,Environ Health Perspect,2012,22820538,med,,,,,,,,,,,,,,,,,,,,
704,BMJ,2012,23097549,med,,,,,,,,,,,,,,,,,,,,
705,Ann Intern Med,2022,35377720,med,,,,,,,,,,,,,,,,,,,,
706,BMJ,2017,28931508,med,,,,,,,,,,,,,,,,,,,,
707,JAMA,2012,22910758,med,,,,,,,,,,,,,,,,,,,,
708,PLoS Med,2022,35104296,med,,,,,,,,,,,,,,,,,,,,
709,Environ Health Perspect,2017,28799918,med,,,,,,,,,,,,,,,,,,,,
710,PLoS Med,2019,31834890,med,,,,,,,,,,,,,,,,,,,,
711,BMJ,2016,27881363,med,,,,,,,,,,,,,,,,,,,,
712,Ann Intern Med,2021,34807719,med,,,,,,,,,,,,,,,,,,,,
713,BMJ,2016,27510511,med,,,,,,,,,,,,,,,,,,,,
714,Lancet,2013,23746902,med,,,,,,,,,,,,,,,,,,,,
715,BMJ,2012,22930703,med,,,,,,,,,,,,,,,,,,,,
716,Ann Intern Med,2013,23778905,med,,,,,,,,,,,,,,,,,,,,
717,Lancet,2012,22293369,med,,,,,,,,,,,,,,,,,,,,
718,BMJ,2014,25274009,med,,,,,,,,,,,,,,,,,,,,
719,BMJ,2021,34610915,med,,,,,,,,,,,,,,,,,,,,
720,BMJ,2021,34233900,med,,,,,,,,,,,,,,,,,,,,
721,BMJ,2016,27919915,med,,,,,,,,,,,,,,,,,,,,
722,Ann Intern Med,2019,31284304,med,,,,,,,,,,,,,,,,,,,,
723,BMJ,2012,22833604,med,,,,,,,,,,,,,,,,,,,,
724,BMJ,2014,25134100,med,,,,,,,,,,,,,,,,,,,,
725,Lancet,2013,23790353,med,,,,,,,,,,,,,,,,,,,,
726,Epidemiology,2021,33591054,med,,,,,,,,,,,,,,,,,,,,
727,Lancet,2015,25975452,med,,,,,,,,,,,,,,,,,,,,
728,Lancet,2021,34953525,med,,,,,,,,,,,,,,,,,,,,
729,BMJ,2012,22491789,med,,,,,,,,,,,,,,,,,,,,
730,JAMA,2015,26103030,med,,,,,,,,,,,,,,,,,,,,
731,PLoS Med,2019,31730642,med,,,,,,,,,,,,,,,,,,,,
732,PLoS Med,2022,35290369,med,,,,,,,,,,,,,,,,,,,,
733,BMJ,2020,32669282,med,,,,,,,,,,,,,,,,,,,,
734,Environ Health Perspect,2014,24911630,med,,,,,,,,,,,,,,,,,,,,
735,Lancet,2016,27115820,med,,,,,,,,,,,,,,,,,,,,
736,Lancet,2019,30638909,med,,,,,,,,,,,,,,,,,,,,
737,PLoS Med,2019,31335910,med,,,,,,,,,,,,,,,,,,,,
738,Lancet,2014,25106063,med,,,,,,,,,,,,,,,,,,,,
739,BMJ,2021,34261627,med,,,,,,,,,,,,,,,,,,,,
740,Lancet,2014,24613026,med,,,,,,,,,,,,,,,,,,,,
741,Lancet,2014,25193873,med,,,,,,,,,,,,,,,,,,,,
742,PLoS Med,2014,25050550,med,,,,,,,,,,,,,,,,,,,,
743,BMJ,2013,24157497,med,,,,,,,,,,,,,,,,,,,,
744,PLoS Med,2019,31013279,med,,,,,,,,,,,,,,,,,,,,
745,PLoS Med,2012,22984353,med,,,,,,,,,,,,,,,,,,,,
746,Lancet,2013,24332274,med,,,,,,,,,,,,,,,,,,,,
747,PLoS Med,2020,32433660,med,,,,,,,,,,,,,,,,,,,,
748,Ann Intern Med,2018,29987326,med,,,,,,,,,,,,,,,,,,,,
749,BMJ,2012,22736467,med,,,,,,,,,,,,,,,,,,,,
750,BMJ,2015,25770113,med,,,,,,,,,,,,,,,,,,,,
751,Sports Med,2018,29923148,sport,,,,,,,,,,,,,,,,,,,,
752,Sports Med,2018,29189928,sport,,,,,,,,,,,,,,,,,,,,
753,Br J Sports Med,2012,22919022,sport,,,,,,,,,,,,,,,,,,,,
754,Arch Phys Med Rehabil,2017,28483655,sport,,,,,,,,,,,,,,,,,,,,
755,Am J Sports Med,2015,26116355,sport,,,,,,,,,,,,,,,,,,,,
756,J Sci Med Sport,2019,31753742,sport,,,,,,,,,,,,,,,,,,,,
757,Arch Phys Med Rehabil,2017,28088382,sport,,,,,,,,,,,,,,,,,,,,
758,Arch Phys Med Rehabil,2016,27744025,sport,,,,,,,,,,,,,,,,,,,,
759,Sports Med,2016,26626072,sport,,,,,,,,,,,,,,,,,,,,
760,Sports Med,2020,32060751,sport,,,,,,,,,,,,,,,,,,,,
761,Sports Med,2014,25047852,sport,,,,,,,,,,,,,,,,,,,,
762,Am J Sports Med,2021,33411564,sport,,,,,,,,,,,,,,,,,,,,
763,J Sci Med Sport,2020,33388266,sport,,,,,,,,,,,,,,,,,,,,
764,Br J Sports Med,2022,35260411,sport,,,,,,,,,,,,,,,,,,,,
765,Eur J Phys Rehabil Med,2016,27834471,sport,,,,,,,,,,,,,,,,,,,,
766,Am J Sports Med,2020,32941053,sport,,,,,,,,,,,,,,,,,,,,
767,Br J Sports Med,2019,31672696,sport,,,,,,,,,,,,,,,,,,,,
768,Eur J Phys Rehabil Med,2021,33960180,sport,,,,,,,,,,,,,,,,,,,,
769,Br J Sports Med,2017,28254747,sport,,,,,,,,,,,,,,,,,,,,
770,Am J Sports Med,2020,32809855,sport,,,,,,,,,,,,,,,,,,,,
771,Sports Med,2019,30659497,sport,,,,,,,,,,,,,,,,,,,,
772,Br J Sports Med,2020,33148599,sport,,,,,,,,,,,,,,,,,,,,
773,Am J Sports Med,2019,31503501,sport,,,,,,,,,,,,,,,,,,,,
774,Scand J Med Sci Sports,2017,28453881,sport,,,,,,,,,,,,,,,,,,,,
775,J Rehabil Med,2018,29077129,sport,,,,,,,,,,,,,,,,,,,,
776,J Rehabil Med,2020,32940714,sport,,,,,,,,,,,,,,,,,,,,
777,Arch Phys Med Rehabil,2018,29337021,sport,,,,,,,,,,,,,,,,,,,,
778,Am J Sports Med,2015,26578719,sport,,,,,,,,,,,,,,,,,,,,
779,Eur J Phys Rehabil Med,2021,34247470,sport,,,,,,,,,,,,,,,,,,,,
780,Arch Phys Med Rehabil,2018,29329670,sport,,,,,,,,,,,,,,,,,,,,
781,Am J Sports Med,2016,27045088,sport,,,,,,,,,,,,,,,,,,,,
782,Am J Sports Med,2021,33646884,sport,,,,,,,,,,,,,,,,,,,,
783,Sports Med,2020,31541409,sport,,,,,,,,,,,,,,,,,,,,
784,Med Sci Sports Exerc,2020,31895295,sport,,,,,,,,,,,,,,,,,,,,
785,Sports Med,2020,32613479,sport,,,,,,,,,,,,,,,,,,,,
786,Arch Phys Med Rehabil,2012,23187042,sport,,,,,,,,,,,,,,,,,,,,
787,Arch Phys Med Rehabil,2017,28882509,sport,,,,,,,,,,,,,,,,,,,,
788,J Sci Med Sport,2019,30683485,sport,,,,,,,,,,,,,,,,,,,,
789,Scand J Med Sci Sports,2013,23347054,sport,,,,,,,,,,,,,,,,,,,,
790,Sports Med,2016,26886474,sport,,,,,,,,,,,,,,,,,,,,
791,Arch Phys Med Rehabil,2016,27592402,sport,,,,,,,,,,,,,,,,,,,,
792,Sports Med,2018,29098658,sport,,,,,,,,,,,,,,,,,,,,
793,Am J Sports Med,2016,26872895,sport,,,,,,,,,,,,,,,,,,,,
794,Sports Med,2016,26403470,sport,,,,,,,,,,,,,,,,,,,,
795,Am J Sports Med,2016,27159291,sport,,,,,,,,,,,,,,,,,,,,
796,Br J Sports Med,2015,26265562,sport,,,,,,,,,,,,,,,,,,,,
797,Arch Phys Med Rehabil,2020,32745544,sport,,,,,,,,,,,,,,,,,,,,
798,Am J Sports Med,2015,25802119,sport,,,,,,,,,,,,,,,,,,,,
799,Am J Sports Med,2021,33769902,sport,,,,,,,,,,,,,,,,,,,,
800,Arch Phys Med Rehabil,2014,24769068,sport,,,,,,,,,,,,,,,,,,,,
801,Sports Med,2017,27497600,sport,,,,,,,,,,,,,,,,,,,,
802,Br J Sports Med,2018,30337463,sport,,,,,,,,,,,,,,,,,,,,
803,Sports Med,2017,28822112,sport,,,,,,,,,,,,,,,,,,,,
804,Br J Sports Med,2013,24100287,sport,,,,,,,,,,,,,,,,,,,,
805,Scand J Med Sci Sports,2019,31340407,sport,,,,,,,,,,,,,,,,,,,,
806,Arch Phys Med Rehabil,2016,27666160,sport,,,,,,,,,,,,,,,,,,,,
807,Am J Sports Med,2018,30388026,sport,,,,,,,,,,,,,,,,,,,,
808,Eur J Phys Rehabil Med,2019,31615195,sport,,,,,,,,,,,,,,,,,,,,
809,Am J Sports Med,2021,34161741,sport,,,,,,,,,,,,,,,,,,,,
810,Br J Sports Med,2016,26746905,sport,,,,,,,,,,,,,,,,,,,,
811,Sports Med,2015,25739555,sport,,,,,,,,,,,,,,,,,,,,
812,J Sci Med Sport,2017,29249685,sport,,,,,,,,,,,,,,,,,,,,
813,Sports Med,2015,25355074,sport,,,,,,,,,,,,,,,,,,,,
814,Am J Sports Med,2018,30113231,sport,,,,,,,,,,,,,,,,,,,,
815,Sports Med,2019,30868441,sport,,,,,,,,,,,,,,,,,,,,
816,Med Sci Sports Exerc,2017,28614193,sport,,,,,,,,,,,,,,,,,,,,
817,Br J Sports Med,2016,27927675,sport,,,,,,,,,,,,,,,,,,,,
818,Arch Phys Med Rehabil,2019,31004565,sport,,,,,,,,,,,,,,,,,,,,
819,Sports Med,2019,31270754,sport,,,,,,,,,,,,,,,,,,,,
820,J Sci Med Sport,2020,32456980,sport,,,,,,,,,,,,,,,,,,,,
821,Am J Sports Med,2014,25296646,sport,,,,,,,,,,,,,,,,,,,,
822,Eur J Phys Rehabil Med,2018,30311493,sport,,,,,,,,,,,,,,,,,,,,
823,Am J Sports Med,2020,32427520,sport,,,,,,,,,,,,,,,,,,,,
824,Sports Med,2021,33074460,sport,,,,,,,,,,,,,,,,,,,,
825,Sports Med,2020,31802395,sport,,,,,,,,,,,,,,,,,,,,
826,Scand J Med Sci Sports,2015,26059748,sport,,,,,,,,,,,,,,,,,,,,
827,Sports Med,2021,33914283,sport,,,,,,,,,,,,,,,,,,,,
828,Arch Phys Med Rehabil,2012,22728699,sport,,,,,,,,,,,,,,,,,,,,
829,Sports Med,2021,33475986,sport,,,,,,,,,,,,,,,,,,,,
830,Am J Sports Med,2019,31800300,sport,,,,,,,,,,,,,,,,,,,,
831,Arch Phys Med Rehabil,2014,25064775,sport,,,,,,,,,,,,,,,,,,,,
832,Sports Med,2017,27328852,sport,,,,,,,,,,,,,,,,,,,,
833,Eur J Phys Rehabil Med,2020,32519528,sport,,,,,,,,,,,,,,,,,,,,
834,Scand J Med Sci Sports,2018,29723933,sport,,,,,,,,,,,,,,,,,,,,
835,Sports Med,2019,30993594,sport,,,,,,,,,,,,,,,,,,,,
836,J Sci Med Sport,2019,31036532,sport,,,,,,,,,,,,,,,,,,,,
837,J Sci Med Sport,2019,31466868,sport,,,,,,,,,,,,,,,,,,,,
838,Arch Phys Med Rehabil,2015,26705882,sport,,,,,,,,,,,,,,,,,,,,
839,Sports Med,2015,26063470,sport,,,,,,,,,,,,,,,,,,,,
840,Scand J Med Sci Sports,2016,27859711,sport,,,,,,,,,,,,,,,,,,,,
841,Arch Phys Med Rehabil,2012,22960276,sport,,,,,,,,,,,,,,,,,,,,
842,Arch Phys Med Rehabil,2018,29738744,sport,,,,,,,,,,,,,,,,,,,,
843,Scand J Med Sci Sports,2021,33797115,sport,,,,,,,,,,,,,,,,,,,,
844,Am J Sports Med,2019,31829034,sport,,,,,,,,,,,,,,,,,,,,
845,Br J Sports Med,2018,29954828,sport,,,,,,,,,,,,,,,,,,,,
846,J Rehabil Med,2019,31583420,sport,,,,,,,,,,,,,,,,,,,,
847,J Sci Med Sport,2012,22541990,sport,,,,,,,,,,,,,,,,,,,,
848,Br J Sports Med,2018,29934430,sport,,,,,,,,,,,,,,,,,,,,
849,Arch Phys Med Rehabil,2019,31002813,sport,,,,,,,,,,,,,,,,,,,,
850,Br J Sports Med,2016,26729890,sport,,,,,,,,,,,,,,,,,,,,
851,Br J Sports Med,2015,25601182,sport,,,,,,,,,,,,,,,,,,,,
852,Sports Med,2017,27245060,sport,,,,,,,,,,,,,,,,,,,,
853,Arch Phys Med Rehabil,2017,28366821,sport,,,,,,,,,,,,,,,,,,,,
854,Sports Med,2020,32661839,sport,,,,,,,,,,,,,,,,,,,,
855,Arch Phys Med Rehabil,2016,27063364,sport,,,,,,,,,,,,,,,,,,,,
856,Br J Sports Med,2019,30728127,sport,,,,,,,,,,,,,,,,,,,,
857,Sports Med,2016,26856338,sport,,,,,,,,,,,,,,,,,,,,
858,Br J Sports Med,2016,28003239,sport,,,,,,,,,,,,,,,,,,,,
859,Arch Phys Med Rehabil,2015,26384939,sport,,,,,,,,,,,,,,,,,,,,
860,Sports Med,2018,29961208,sport,,,,,,,,,,,,,,,,,,,,
861,Br J Sports Med,2015,25595290,sport,,,,,,,,,,,,,,,,,,,,
862,J Rehabil Med,2020,32338292,sport,,,,,,,,,,,,,,,,,,,,
863,Br J Sports Med,2015,26644427,sport,,,,,,,,,,,,,,,,,,,,
864,Sports Med,2017,27600147,sport,,,,,,,,,,,,,,,,,,,,
865,J Sci Med Sport,2018,30803498,sport,,,,,,,,,,,,,,,,,,,,
866,Scand J Med Sci Sports,2021,34416791,sport,,,,,,,,,,,,,,,,,,,,
867,J Sci Med Sport,2014,25579977,sport,,,,,,,,,,,,,,,,,,,,
868,Br J Sports Med,2016,27884862,sport,,,,,,,,,,,,,,,,,,,,
869,Arch Phys Med Rehabil,2018,29678450,sport,,,,,,,,,,,,,,,,,,,,
870,Sports Med,2016,26446893,sport,,,,,,,,,,,,,,,,,,,,
871,Br J Sports Med,2018,29599121,sport,,,,,,,,,,,,,,,,,,,,
872,Br J Sports Med,2017,28455366,sport,,,,,,,,,,,,,,,,,,,,
873,J Rehabil Med,2017,27983739,sport,,,,,,,,,,,,,,,,,,,,
874,Sports Med,2019,31494865,sport,,,,,,,,,,,,,,,,,,,,
875,Sports Med,2019,30341595,sport,,,,,,,,,,,,,,,,,,,,
876,Br J Sports Med,2019,31399430,sport,,,,,,,,,,,,,,,,,,,,
877,J Sci Med Sport,2021,33893033,sport,,,,,,,,,,,,,,,,,,,,
878,Arch Phys Med Rehabil,2020,33152264,sport,,,,,,,,,,,,,,,,,,,,
879,Arch Phys Med Rehabil,2020,32234412,sport,,,,,,,,,,,,,,,,,,,,
880,Sports Med,2017,28386652,sport,,,,,,,,,,,,,,,,,,,,
881,Med Sci Sports Exerc,2016,27471784,sport,,,,,,,,,,,,,,,,,,,,
882,Arch Phys Med Rehabil,2012,22365478,sport,,,,,,,,,,,,,,,,,,,,
883,Sports Med,2021,34468951,sport,,,,,,,,,,,,,,,,,,,,
884,Sports Med,2016,26508319,sport,,,,,,,,,,,,,,,,,,,,
885,Sports Med,2020,31993949,sport,,,,,,,,,,,,,,,,,,,,
886,Sports Med,2019,31506901,sport,,,,,,,,,,,,,,,,,,,,
887,Br J Sports Med,2018,30337346,sport,,,,,,,,,,,,,,,,,,,,
888,Br J Sports Med,2013,23881891,sport,,,,,,,,,,,,,,,,,,,,
889,Br J Sports Med,2015,26582192,sport,,,,,,,,,,,,,,,,,,,,
890,Br J Sports Med,2018,29439949,sport,,,,,,,,,,,,,,,,,,,,
891,Br J Sports Med,2018,29581142,sport,,,,,,,,,,,,,,,,,,,,
892,Scand J Med Sci Sports,2021,33909308,sport,,,,,,,,,,,,,,,,,,,,
893,Arch Phys Med Rehabil,2020,32272106,sport,,,,,,,,,,,,,,,,,,,,
894,Med Sci Sports Exerc,2018,29683925,sport,,,,,,,,,,,,,,,,,,,,
895,Eur J Phys Rehabil Med,2017,28145397,sport,,,,,,,,,,,,,,,,,,,,
896,Br J Sports Med,2014,25452612,sport,,,,,,,,,,,,,,,,,,,,
897,Am J Sports Med,2014,24793572,sport,,,,,,,,,,,,,,,,,,,,
898,Eur J Phys Rehabil Med,2021,34105921,sport,,,,,,,,,,,,,,,,,,,,
899,Am J Sports Med,2014,24753240,sport,,,,,,,,,,,,,,,,,,,,
900,Br J Sports Med,2016,27445361,sport,,,,,,,,,,,,,,,,,,,,
901,Am J Sports Med,2016,28027657,sport,,,,,,,,,,,,,,,,,,,,
902,Sports Med,2018,29736728,sport,,,,,,,,,,,,,,,,,,,,
903,Med Sci Sports Exerc,2022,34559724,sport,,,,,,,,,,,,,,,,,,,,
904,Arch Phys Med Rehabil,2017,28433414,sport,,,,,,,,,,,,,,,,,,,,
905,Med Sci Sports Exerc,2020,31688647,sport,,,,,,,,,,,,,,,,,,,,
906,Sports Med,2019,30306467,sport,,,,,,,,,,,,,,,,,,,,
907,Sports Med,2020,32915430,sport,,,,,,,,,,,,,,,,,,,,
908,Sports Med,2020,32034703,sport,,,,,,,,,,,,,,,,,,,,
909,Sports Med,2021,33909274,sport,,,,,,,,,,,,,,,,,,,,
910,Sports Med,2017,27260681,sport,,,,,,,,,,,,,,,,,,,,
911,Sports Med,2020,32020543,sport,,,,,,,,,,,,,,,,,,,,
912,Scand J Med Sci Sports,2020,32478931,sport,,,,,,,,,,,,,,,,,,,,
913,Med Sci Sports Exerc,2016,27635773,sport,,,,,,,,,,,,,,,,,,,,
914,Arch Phys Med Rehabil,2019,31400308,sport,,,,,,,,,,,,,,,,,,,,
915,Br J Sports Med,2021,33402345,sport,,,,,,,,,,,,,,,,,,,,
916,J Sci Med Sport,2015,26463594,sport,,,,,,,,,,,,,,,,,,,,
917,Br J Sports Med,2019,31097451,sport,,,,,,,,,,,,,,,,,,,,
918,Br J Sports Med,2017,28698222,sport,,,,,,,,,,,,,,,,,,,,
919,Sports Med,2020,31820374,sport,,,,,,,,,,,,,,,,,,,,
920,Sports Med,2021,34826109,sport,,,,,,,,,,,,,,,,,,,,
921,Br J Sports Med,2016,27697938,sport,,,,,,,,,,,,,,,,,,,,
922,Sports Med,2016,27048463,sport,,,,,,,,,,,,,,,,,,,,
923,J Rehabil Med,2017,28352936,sport,,,,,,,,,,,,,,,,,,,,
924,Sports Med,2015,26487633,sport,,,,,,,,,,,,,,,,,,,,
925,Arch Phys Med Rehabil,2021,34688605,sport,,,,,,,,,,,,,,,,,,,,
926,Am J Sports Med,2018,29517925,sport,,,,,,,,,,,,,,,,,,,,
927,Sports Med,2021,34129223,sport,,,,,,,,,,,,,,,,,,,,
928,Arch Phys Med Rehabil,2019,31568760,sport,,,,,,,,,,,,,,,,,,,,
929,Sports Med,2016,27102172,sport,,,,,,,,,,,,,,,,,,,,
930,Arch Phys Med Rehabil,2019,31669297,sport,,,,,,,,,,,,,,,,,,,,
931,Sports Med,2016,26589515,sport,,,,,,,,,,,,,,,,,,,,
932,Sports Med,2016,27139723,sport,,,,,,,,,,,,,,,,,,,,
933,Sports Med,2018,30141022,sport,,,,,,,,,,,,,,,,,,,,
934,Med Sci Sports Exerc,2021,32826640,sport,,,,,,,,,,,,,,,,,,,,
935,Am J Sports Med,2015,26657853,sport,,,,,,,,,,,,,,,,,,,,
936,J Sci Med Sport,2018,30217692,sport,,,,,,,,,,,,,,,,,,,,
937,Br J Sports Med,2017,28087567,sport,,,,,,,,,,,,,,,,,,,,
938,Sports Med,2013,23996137,sport,,,,,,,,,,,,,,,,,,,,
939,Eur J Phys Rehabil Med,2021,34498828,sport,,,,,,,,,,,,,,,,,,,,
940,J Rehabil Med,2020,31848630,sport,,,,,,,,,,,,,,,,,,,,
941,Arch Phys Med Rehabil,2019,30796921,sport,,,,,,,,,,,,,,,,,,,,
942,Scand J Med Sci Sports,2015,26302881,sport,,,,,,,,,,,,,,,,,,,,
943,Sports Med,2021,33914282,sport,,,,,,,,,,,,,,,,,,,,
944,Sports Med,2018,29086218,sport,,,,,,,,,,,,,,,,,,,,
945,Arch Phys Med Rehabil,2017,28734936,sport,,,,,,,,,,,,,,,,,,,,
946,Am J Sports Med,2019,31825650,sport,,,,,,,,,,,,,,,,,,,,
947,Sports Med,2017,28819746,sport,,,,,,,,,,,,,,,,,,,,
948,Am J Sports Med,2020,33090889,sport,,,,,,,,,,,,,,,,,,,,
949,Sports Med,2018,29651756,sport,,,,,,,,,,,,,,,,,,,,
950,Arch Phys Med Rehabil,2017,28943161,sport,,,,,,,,,,,,,,,,,,,,
951,Scand J Med Sci Sports,2021,34913530,sport,,,,,,,,,,,,,,,,,,,,
952,Sports Med,2018,29453742,sport,,,,,,,,,,,,,,,,,,,,
953,Br J Sports Med,2018,29436380,sport,,,,,,,,,,,,,,,,,,,,
954,Am J Sports Med,2018,29723036,sport,,,,,,,,,,,,,,,,,,,,
955,J Sci Med Sport,2015,26122461,sport,,,,,,,,,,,,,,,,,,,,
956,Am J Sports Med,2021,33720764,sport,,,,,,,,,,,,,,,,,,,,
957,Br J Sports Med,2017,28360142,sport,,,,,,,,,,,,,,,,,,,,
958,Arch Phys Med Rehabil,2017,28803906,sport,,,,,,,,,,,,,,,,,,,,
959,Am J Sports Med,2019,30835150,sport,,,,,,,,,,,,,,,,,,,,
960,Sports Med,2018,29129022,sport,,,,,,,,,,,,,,,,,,,,
961,Sports Med,2021,33400217,sport,,,,,,,,,,,,,,,,,,,,
962,Sports Med,2015,26003475,sport,,,,,,,,,,,,,,,,,,,,
963,Scand J Med Sci Sports,2021,33630377,sport,,,,,,,,,,,,,,,,,,,,
964,Br J Sports Med,2016,27198542,sport,,,,,,,,,,,,,,,,,,,,
965,Sports Med,2017,28755103,sport,,,,,,,,,,,,,,,,,,,,
966,J Sci Med Sport,2012,22513304,sport,,,,,,,,,,,,,,,,,,,,
967,Sports Med,2020,32901442,sport,,,,,,,,,,,,,,,,,,,,
968,Am J Sports Med,2012,23048042,sport,,,,,,,,,,,,,,,,,,,,
969,Br J Sports Med,2015,26031646,sport,,,,,,,,,,,,,,,,,,,,
970,Sports Med,2021,33877614,sport,,,,,,,,,,,,,,,,,,,,
971,Am J Sports Med,2015,26316611,sport,,,,,,,,,,,,,,,,,,,,
972,Br J Sports Med,2017,29187349,sport,,,,,,,,,,,,,,,,,,,,
973,Arch Phys Med Rehabil,2021,34416249,sport,,,,,,,,,,,,,,,,,,,,
974,J Rehabil Med,2021,33225375,sport,,,,,,,,,,,,,,,,,,,,
975,Br J Sports Med,2012,22773321,sport,,,,,,,,,,,,,,,,,,,,
976,Arch Phys Med Rehabil,2017,28751254,sport,,,,,,,,,,,,,,,,,,,,
977,J Sci Med Sport,2021,34175202,sport,,,,,,,,,,,,,,,,,,,,
978,Am J Sports Med,2019,31684739,sport,,,,,,,,,,,,,,,,,,,,
979,Arch Phys Med Rehabil,2020,32234411,sport,,,,,,,,,,,,,,,,,,,,
980,Med Sci Sports Exerc,2015,25563908,sport,,,,,,,,,,,,,,,,,,,,
981,Br J Sports Med,2016,27986760,sport,,,,,,,,,,,,,,,,,,,,
982,Am J Sports Med,2020,32816535,sport,,,,,,,,,,,,,,,,,,,,
983,Med Sci Sports Exerc,2021,33787531,sport,,,,,,,,,,,,,,,,,,,,
984,Sports Med,2020,31729638,sport,,,,,,,,,,,,,,,,,,,,
985,Br J Sports Med,2018,29331992,sport,,,,,,,,,,,,,,,,,,,,
986,Br J Sports Med,2020,33077482,sport,,,,,,,,,,,,,,,,,,,,
987,Med Sci Sports Exerc,2017,28079707,sport,,,,,,,,,,,,,,,,,,,,
988,Sports Med,2016,26936269,sport,,,,,,,,,,,,,,,,,,,,
989,Br J Sports Med,2016,27034130,sport,,,,,,,,,,,,,,,,,,,,
990,Br J Sports Med,2016,27815239,sport,,,,,,,,,,,,,,,,,,,,
991,Am J Sports Med,2015,25748473,sport,,,,,,,,,,,,,,,,,,,,
992,Br J Sports Med,2018,29549150,sport,,,,,,,,,,,,,,,,,,,,
993,J Sci Med Sport,2021,34489178,sport,,,,,,,,,,,,,,,,,,,,
994,Sports Med,2016,27106557,sport,,,,,,,,,,,,,,,,,,,,
995,Br J Sports Med,2014,25406335,sport,,,,,,,,,,,,,,,,,,,,
996,J Rehabil Med,2017,28112356,sport,,,,,,,,,,,,,,,,,,,,
997,Br J Sports Med,2015,26062956,sport,,,,,,,,,,,,,,,,,,,,
998,Br J Sports Med,2019,31151937,sport,,,,,,,,,,,,,,,,,,,,
999,Eur J Phys Rehabil Med,2014,24622050,sport,,,,,,,,,,,,,,,,,,,,
1000,J Rehabil Med,2014,24733289,sport,,,,,,,,,,,,,,,,,,,,
1001,Br J Sports Med,2015,26626271,sport,,,,,,,,,,,,,,,,,,,,
1002,Br J Sports Med,2018,30337461,sport,,,,,,,,,,,,,,,,,,,,
1003,Med Sci Sports Exerc,2020,31977635,sport,,,,,,,,,,,,,,,,,,,,
1004,Sports Med,2020,31552570,sport,,,,,,,,,,,,,,,,,,,,
1005,Am J Sports Med,2020,32598852,sport,,,,,,,,,,,,,,,,,,,,
1006,Med Sci Sports Exerc,2016,27314412,sport,,,,,,,,,,,,,,,,,,,,
1007,Br J Sports Med,2014,25515771,sport,,,,,,,,,,,,,,,,,,,,
1008,Arch Phys Med Rehabil,2018,29902471,sport,,,,,,,,,,,,,,,,,,,,
1009,Arch Phys Med Rehabil,2016,27317866,sport,,,,,,,,,,,,,,,,,,,,
1010,Sports Med,2021,33400214,sport,,,,,,,,,,,,,,,,,,,,
1011,Arch Phys Med Rehabil,2015,25576642,sport,,,,,,,,,,,,,,,,,,,,
1012,Arch Phys Med Rehabil,2017,28899826,sport,,,,,,,,,,,,,,,,,,,,
1013,J Rehabil Med,2022,34913062,sport,,,,,,,,,,,,,,,,,,,,
1014,Sports Med,2021,34536199,sport,,,,,,,,,,,,,,,,,,,,
1015,J Rehabil Med,2021,33739436,sport,,,,,,,,,,,,,,,,,,,,
1016,Sports Med,2021,33245512,sport,,,,,,,,,,,,,,,,,,,,
1017,Br J Sports Med,2018,29886437,sport,,,,,,,,,,,,,,,,,,,,
1018,Am J Sports Med,2018,29630397,sport,,,,,,,,,,,,,,,,,,,,
1019,Am J Sports Med,2019,31774704,sport,,,,,,,,,,,,,,,,,,,,
1020,Med Sci Sports Exerc,2020,32555018,sport,,,,,,,,,,,,,,,,,,,,
1021,Br J Sports Med,2015,26511002,sport,,,,,,,,,,,,,,,,,,,,
1022,Sports Med,2018,29164533,sport,,,,,,,,,,,,,,,,,,,,
1023,Sports Med,2014,25138312,sport,,,,,,,,,,,,,,,,,,,,
1024,Eur J Phys Rehabil Med,2017,28901119,sport,,,,,,,,,,,,,,,,,,,,
1025,Arch Phys Med Rehabil,2016,26896750,sport,,,,,,,,,,,,,,,,,,,,
1026,J Rehabil Med,2017,28661548,sport,,,,,,,,,,,,,,,,,,,,
1027,Sports Med,2021,33905087,sport,,,,,,,,,,,,,,,,,,,,
1028,Br J Sports Med,2018,29555795,sport,,,,,,,,,,,,,,,,,,,,
1029,Br J Sports Med,2019,31154342,sport,,,,,,,,,,,,,,,,,,,,
1030,Arch Phys Med Rehabil,2014,24992021,sport,,,,,,,,,,,,,,,,,,,,
1031,Sports Med,2014,24743927,sport,,,,,,,,,,,,,,,,,,,,
1032,Br J Sports Med,2017,28456764,sport,,,,,,,,,,,,,,,,,,,,
1033,Am J Sports Med,2019,31315003,sport,,,,,,,,,,,,,,,,,,,,
1034,Br J Sports Med,2018,29743171,sport,,,,,,,,,,,,,,,,,,,,
1035,Am J Sports Med,2020,32909823,sport,,,,,,,,,,,,,,,,,,,,
1036,Br J Sports Med,2021,34253538,sport,,,,,,,,,,,,,,,,,,,,
1037,J Sci Med Sport,2016,27825550,sport,,,,,,,,,,,,,,,,,,,,
1038,J Rehabil Med,2021,33904586,sport,,,,,,,,,,,,,,,,,,,,
1039,Am J Sports Med,2017,28816515,sport,,,,,,,,,,,,,,,,,,,,
1040,Med Sci Sports Exerc,2019,30649093,sport,,,,,,,,,,,,,,,,,,,,
1041,Sports Med,2021,33886099,sport,,,,,,,,,,,,,,,,,,,,
1042,Arch Phys Med Rehabil,2015,26740065,sport,,,,,,,,,,,,,,,,,,,,
1043,J Rehabil Med,2019,31093683,sport,,,,,,,,,,,,,,,,,,,,
1044,Sports Med,2018,29129021,sport,,,,,,,,,,,,,,,,,,,,
1045,Br J Sports Med,2017,28596288,sport,,,,,,,,,,,,,,,,,,,,
1046,Br J Sports Med,2017,28223305,sport,,,,,,,,,,,,,,,,,,,,
1047,Br J Sports Med,2020,33239356,sport,,,,,,,,,,,,,,,,,,,,
1048,Scand J Med Sci Sports,2019,31034665,sport,,,,,,,,,,,,,,,,,,,,
1049,Arch Phys Med Rehabil,2012,23149310,sport,,,,,,,,,,,,,,,,,,,,
1050,Am J Sports Med,2014,25371440,sport,,,,,,,,,,,,,,,,,,,,
1051,Sports Med,2020,31643020,sport,,,,,,,,,,,,,,,,,,,,
1052,Sports Med,2020,31606879,sport,,,,,,,,,,,,,,,,,,,,
1053,Arch Phys Med Rehabil,2019,31689417,sport,,,,,,,,,,,,,,,,,,,,
1054,Sports Med,2019,30830561,sport,,,,,,,,,,,,,,,,,,,,
1055,Sports Med,2013,23912806,sport,,,,,,,,,,,,,,,,,,,,
1056,Sports Med,2018,29288436,sport,,,,,,,,,,,,,,,,,,,,
1057,Arch Phys Med Rehabil,2018,29698639,sport,,,,,,,,,,,,,,,,,,,,
1058,Sports Med,2017,27480762,sport,,,,,,,,,,,,,,,,,,,,
1059,Arch Phys Med Rehabil,2016,27543046,sport,,,,,,,,,,,,,,,,,,,,
1060,Sports Med,2018,30298478,sport,,,,,,,,,,,,,,,,,,,,
1061,Am J Sports Med,2013,24130247,sport,,,,,,,,,,,,,,,,,,,,
1062,Br J Sports Med,2016,27919918,sport,,,,,,,,,,,,,,,,,,,,
1063,Br J Sports Med,2015,25677796,sport,,,,,,,,,,,,,,,,,,,,
1064,Arch Phys Med Rehabil,2017,28802812,sport,,,,,,,,,,,,,,,,,,,,
1065,Sports Med,2015,26243014,sport,,,,,,,,,,,,,,,,,,,,
1066,Sports Med,2017,28058696,sport,,,,,,,,,,,,,,,,,,,,
1067,Sports Med,2019,30972659,sport,,,,,,,,,,,,,,,,,,,,
1068,Med Sci Sports Exerc,2015,25668403,sport,,,,,,,,,,,,,,,,,,,,
1069,Am J Sports Med,2019,31874044,sport,,,,,,,,,,,,,,,,,,,,
1070,J Rehabil Med,2014,24626286,sport,,,,,,,,,,,,,,,,,,,,
1071,Scand J Med Sci Sports,2016,26891716,sport,,,,,,,,,,,,,,,,,,,,
1072,Br J Sports Med,2017,28954800,sport,,,,,,,,,,,,,,,,,,,,
1073,Br J Sports Med,2015,26383108,sport,,,,,,,,,,,,,,,,,,,,
1074,Br J Sports Med,2022,35115309,sport,,,,,,,,,,,,,,,,,,,,
1075,Arch Phys Med Rehabil,2012,23168400,sport,,,,,,,,,,,,,,,,,,,,
1076,Br J Sports Med,2019,30760458,sport,,,,,,,,,,,,,,,,,,,,
1077,Br J Sports Med,2013,24282204,sport,,,,,,,,,,,,,,,,,,,,
1078,Scand J Med Sci Sports,2019,31394009,sport,,,,,,,,,,,,,,,,,,,,
1079,Scand J Med Sci Sports,2019,31050061,sport,,,,,,,,,,,,,,,,,,,,
1080,Scand J Med Sci Sports,2018,29762863,sport,,,,,,,,,,,,,,,,,,,,
1081,Br J Sports Med,2019,30796103,sport,,,,,,,,,,,,,,,,,,,,
1082,Sports Med,2019,31506904,sport,,,,,,,,,,,,,,,,,,,,
1083,J Sci Med Sport,2021,33707155,sport,,,,,,,,,,,,,,,,,,,,
1084,Br J Sports Med,2018,30337466,sport,,,,,,,,,,,,,,,,,,,,
1085,Br J Sports Med,2017,28784622,sport,,,,,,,,,,,,,,,,,,,,
1086,Br J Sports Med,2019,31375498,sport,,,,,,,,,,,,,,,,,,,,
1087,Sports Med,2021,34881412,sport,,,,,,,,,,,,,,,,,,,,
1088,Am J Sports Med,2021,33630652,sport,,,,,,,,,,,,,,,,,,,,
1089,Sports Med,2015,25820456,sport,,,,,,,,,,,,,,,,,,,,
1090,Br J Sports Med,2012,22844035,sport,,,,,,,,,,,,,,,,,,,,
1091,Sports Med,2021,33201455,sport,,,,,,,,,,,,,,,,,,,,
1092,Br J Sports Med,2017,29074475,sport,,,,,,,,,,,,,,,,,,,,
1093,Br J Sports Med,2016,27884861,sport,,,,,,,,,,,,,,,,,,,,
1094,Scand J Med Sci Sports,2012,22316148,sport,,,,,,,,,,,,,,,,,,,,
1095,Scand J Med Sci Sports,2021,33655660,sport,,,,,,,,,,,,,,,,,,,,
1096,Sports Med,2012,22642829,sport,,,,,,,,,,,,,,,,,,,,
1097,Sports Med,2021,34417979,sport,,,,,,,,,,,,,,,,,,,,
1098,Arch Phys Med Rehabil,2019,31398354,sport,,,,,,,,,,,,,,,,,,,,
1099,Br J Sports Med,2019,31142471,sport,,,,,,,,,,,,,,,,,,,,
1100,Am J Sports Med,2017,28570092,sport,,,,,,,,,,,,,,,,,,,,
1101,Br J Sports Med,2016,27324873,sport,,,,,,,,,,,,,,,,,,,,
1102,Arch Phys Med Rehabil,2018,30076801,sport,,,,,,,,,,,,,,,,,,,,
1103,Br J Sports Med,2018,30170996,sport,,,,,,,,,,,,,,,,,,,,
1104,Sports Med,2017,27245061,sport,,,,,,,,,,,,,,,,,,,,
1105,Sports Med,2020,32946074,sport,,,,,,,,,,,,,,,,,,,,
1106,Sports Med,2020,33368029,sport,,,,,,,,,,,,,,,,,,,,
1107,Eur J Phys Rehabil Med,2020,31939269,sport,,,,,,,,,,,,,,,,,,,,
1108,Arch Phys Med Rehabil,2021,33460576,sport,,,,,,,,,,,,,,,,,,,,
1109,Am J Sports Med,2022,35180008,sport,,,,,,,,,,,,,,,,,,,,
1110,J Rehabil Med,2018,29392329,sport,,,,,,,,,,,,,,,,,,,,
1111,Sports Med,2014,24370993,sport,,,,,,,,,,,,,,,,,,,,
1112,Sports Med,2021,33515391,sport,,,,,,,,,,,,,,,,,,,,
1113,Sports Med,2015,26210229,sport,,,,,,,,,,,,,,,,,,,,
1114,Arch Phys Med Rehabil,2015,25596001,sport,,,,,,,,,,,,,,,,,,,,
1115,Br J Sports Med,2021,34187782,sport,,,,,,,,,,,,,,,,,,,,
1116,Br J Sports Med,2021,34531186,sport,,,,,,,,,,,,,,,,,,,,
1117,Sports Med,2017,27260682,sport,,,,,,,,,,,,,,,,,,,,
1118,Br J Sports Med,2013,23922282,sport,,,,,,,,,,,,,,,,,,,,
1119,Am J Sports Med,2018,29683338,sport,,,,,,,,,,,,,,,,,,,,
1120,Arch Phys Med Rehabil,2015,26701762,sport,,,,,,,,,,,,,,,,,,,,
1121,Br J Sports Med,2020,32816795,sport,,,,,,,,,,,,,,,,,,,,
1122,J Rehabil Med,2018,29767225,sport,,,,,,,,,,,,,,,,,,,,
1123,Am J Sports Med,2016,26872893,sport,,,,,,,,,,,,,,,,,,,,
1124,Sports Med,2019,31175636,sport,,,,,,,,,,,,,,,,,,,,
1125,Sports Med,2021,34894348,sport,,,,,,,,,,,,,,,,,,,,
1126,Sports Med,2014,24105612,sport,,,,,,,,,,,,,,,,,,,,
1127,Br J Sports Med,2013,24144531,sport,,,,,,,,,,,,,,,,,,,,
1128,Sports Med,2018,30078066,sport,,,,,,,,,,,,,,,,,,,,
1129,Med Sci Sports Exerc,2014,23899893,sport,,,,,,,,,,,,,,,,,,,,
1130,Br J Sports Med,2019,30737201,sport,,,,,,,,,,,,,,,,,,,,
1131,Br J Sports Med,2015,26385207,sport,,,,,,,,,,,,,,,,,,,,
1132,J Rehabil Med,2022,35174868,sport,,,,,,,,,,,,,,,,,,,,
1133,Br J Sports Med,2020,32024644,sport,,,,,,,,,,,,,,,,,,,,
1134,Sports Med,2013,23729196,sport,,,,,,,,,,,,,,,,,,,,
1135,Med Sci Sports Exerc,2018,29509639,sport,,,,,,,,,,,,,,,,,,,,
1136,Sports Med,2020,31529301,sport,,,,,,,,,,,,,,,,,,,,
1137,Br J Sports Med,2015,26084526,sport,,,,,,,,,,,,,,,,,,,,
1138,Br J Sports Med,2018,30242107,sport,,,,,,,,,,,,,,,,,,,,
1139,Br J Sports Med,2019,30647053,sport,,,,,,,,,,,,,,,,,,,,
1140,Arch Phys Med Rehabil,2018,30452892,sport,,,,,,,,,,,,,,,,,,,,
1141,Sports Med,2016,26581833,sport,,,,,,,,,,,,,,,,,,,,
1142,Sports Med,2019,30953308,sport,,,,,,,,,,,,,,,,,,,,
1143,J Sci Med Sport,2014,25620458,sport,,,,,,,,,,,,,,,,,,,,
1144,Br J Sports Med,2019,31171515,sport,,,,,,,,,,,,,,,,,,,,
1145,J Rehabil Med,2012,22990349,sport,,,,,,,,,,,,,,,,,,,,
1146,Br J Sports Med,2015,26405113,sport,,,,,,,,,,,,,,,,,,,,
1147,Arch Phys Med Rehabil,2013,24309072,sport,,,,,,,,,,,,,,,,,,,,
1148,Am J Sports Med,2016,27864184,sport,,,,,,,,,,,,,,,,,,,,
1149,Sports Med,2021,34339044,sport,,,,,,,,,,,,,,,,,,,,
1150,Sports Med,2018,29127602,sport,,,,,,,,,,,,,,,,,,,,
1151,Sports Med,2021,33104995,sport,,,,,,,,,,,,,,,,,,,,
1152,Sports Med,2016,26888648,sport,,,,,,,,,,,,,,,,,,,,
1153,Arch Phys Med Rehabil,2015,26409101,sport,,,,,,,,,,,,,,,,,,,,
1154,Sports Med,2020,32034701,sport,,,,,,,,,,,,,,,,,,,,
1155,Scand J Med Sci Sports,2020,32171032,sport,,,,,,,,,,,,,,,,,,,,
1156,Arch Phys Med Rehabil,2019,31738893,sport,,,,,,,,,,,,,,,,,,,,
1157,J Rehabil Med,2012,22854872,sport,,,,,,,,,,,,,,,,,,,,
1158,Am J Sports Med,2017,28609637,sport,,,,,,,,,,,,,,,,,,,,
1159,Sports Med,2020,32096113,sport,,,,,,,,,,,,,,,,,,,,
1160,Sports Med,2014,24696049,sport,,,,,,,,,,,,,,,,,,,,
1161,Sports Med,2021,34674184,sport,,,,,,,,,,,,,,,,,,,,
1162,Arch Phys Med Rehabil,2020,32668206,sport,,,,,,,,,,,,,,,,,,,,
1163,Sports Med,2021,34115344,sport,,,,,,,,,,,,,,,,,,,,
1164,Arch Phys Med Rehabil,2017,28400182,sport,,,,,,,,,,,,,,,,,,,,
1165,Arch Phys Med Rehabil,2021,34425089,sport,,,,,,,,,,,,,,,,,,,,
1166,Arch Phys Med Rehabil,2013,24333741,sport,,,,,,,,,,,,,,,,,,,,
1167,Arch Phys Med Rehabil,2017,28860095,sport,,,,,,,,,,,,,,,,,,,,
1168,Br J Sports Med,2016,27797728,sport,,,,,,,,,,,,,,,,,,,,
1169,Am J Sports Med,2013,23585484,sport,,,,,,,,,,,,,,,,,,,,
1170,Arch Phys Med Rehabil,2014,24814460,sport,,,,,,,,,,,,,,,,,,,,
1171,Br J Sports Med,2019,31619381,sport,,,,,,,,,,,,,,,,,,,,
1172,Sports Med,2020,32757163,sport,,,,,,,,,,,,,,,,,,,,
1173,Arch Phys Med Rehabil,2013,23473702,sport,,,,,,,,,,,,,,,,,,,,
1174,Sports Med,2017,28258581,sport,,,,,,,,,,,,,,,,,,,,
1175,Br J Sports Med,2018,30337462,sport,,,,,,,,,,,,,,,,,,,,
1176,Sports Med,2020,32720230,sport,,,,,,,,,,,,,,,,,,,,
1177,Br J Sports Med,2013,23467962,sport,,,,,,,,,,,,,,,,,,,,
1178,Am J Sports Med,2016,27519678,sport,,,,,,,,,,,,,,,,,,,,
1179,J Sci Med Sport,2020,32139313,sport,,,,,,,,,,,,,,,,,,,,
1180,Sports Med,2017,28434152,sport,,,,,,,,,,,,,,,,,,,,
1181,Br J Sports Med,2019,30808663,sport,,,,,,,,,,,,,,,,,,,,
1182,J Sci Med Sport,2022,35190263,sport,,,,,,,,,,,,,,,,,,,,
1183,Arch Phys Med Rehabil,2012,22421623,sport,,,,,,,,,,,,,,,,,,,,
1184,Am J Sports Med,2021,33740395,sport,,,,,,,,,,,,,,,,,,,,
1185,Arch Phys Med Rehabil,2019,30831093,sport,,,,,,,,,,,,,,,,,,,,
1186,Sports Med,2019,31148073,sport,,,,,,,,,,,,,,,,,,,,
1187,Br J Sports Med,2018,30352864,sport,,,,,,,,,,,,,,,,,,,,
1188,Br J Sports Med,2018,30337464,sport,,,,,,,,,,,,,,,,,,,,
1189,Eur J Phys Rehabil Med,2017,28976171,sport,,,,,,,,,,,,,,,,,,,,
1190,Sports Med,2019,30747376,sport,,,,,,,,,,,,,,,,,,,,
1191,Am J Sports Med,2019,31821010,sport,,,,,,,,,,,,,,,,,,,,
1192,Br J Sports Med,2018,30181324,sport,,,,,,,,,,,,,,,,,,,,
1193,J Sci Med Sport,2019,31722840,sport,,,,,,,,,,,,,,,,,,,,
1194,Sports Med,2021,33638795,sport,,,,,,,,,,,,,,,,,,,,
1195,Med Sci Sports Exerc,2021,33587551,sport,,,,,,,,,,,,,,,,,,,,
1196,Arch Phys Med Rehabil,2017,29056502,sport,,,,,,,,,,,,,,,,,,,,
1197,Arch Phys Med Rehabil,2021,33812883,sport,,,,,,,,,,,,,,,,,,,,
1198,Sports Med,2018,29626334,sport,,,,,,,,,,,,,,,,,,,,
1199,Br J Sports Med,2014,25492646,sport,,,,,,,,,,,,,,,,,,,,
1200,Am J Sports Med,2019,30781966,sport,,,,,,,,,,,,,,,,,,,,
1201,Sports Med,2021,34854058,sport,,,,,,,,,,,,,,,,,,,,
1202,Am J Sports Med,2019,31634004,sport,,,,,,,,,,,,,,,,,,,,
1203,Sports Med,2018,28917030,sport,,,,,,,,,,,,,,,,,,,,
1204,Sports Med,2016,26542164,sport,,,,,,,,,,,,,,,,,,,,
1205,Sports Med,2021,33900578,sport,,,,,,,,,,,,,,,,,,,,
1206,Arch Phys Med Rehabil,2014,24662810,sport,,,,,,,,,,,,,,,,,,,,
1207,Arch Phys Med Rehabil,2017,29122581,sport,,,,,,,,,,,,,,,,,,,,
1208,Arch Phys Med Rehabil,2018,30367876,sport,,,,,,,,,,,,,,,,,,,,
1209,Br J Sports Med,2014,25170074,sport,,,,,,,,,,,,,,,,,,,,
1210,Sports Med,2020,32970291,sport,,,,,,,,,,,,,,,,,,,,
1211,Sports Med,2021,33818751,sport,,,,,,,,,,,,,,,,,,,,
1212,Sports Med,2014,25129698,sport,,,,,,,,,,,,,,,,,,,,
1213,Med Sci Sports Exerc,2013,23669878,sport,,,,,,,,,,,,,,,,,,,,
1214,Sports Med,2020,31960369,sport,,,,,,,,,,,,,,,,,,,,
1215,Sports Med,2017,27677914,sport,,,,,,,,,,,,,,,,,,,,
1216,Br J Sports Med,2019,31296585,sport,,,,,,,,,,,,,,,,,,,,
1217,Am J Sports Med,2016,27159297,sport,,,,,,,,,,,,,,,,,,,,
1218,Arch Phys Med Rehabil,2020,32343973,sport,,,,,,,,,,,,,,,,,,,,
1219,Br J Sports Med,2015,26626269,sport,,,,,,,,,,,,,,,,,,,,
1220,Sports Med,2018,29721839,sport,,,,,,,,,,,,,,,,,,,,
1221,Br J Sports Med,2019,31848152,sport,,,,,,,,,,,,,,,,,,,,
1222,Sports Med,2021,34881411,sport,,,,,,,,,,,,,,,,,,,,
1223,Arch Phys Med Rehabil,2013,23632286,sport,,,,,,,,,,,,,,,,,,,,
1224,Arch Phys Med Rehabil,2021,34509464,sport,,,,,,,,,,,,,,,,,,,,
1225,Scand J Med Sci Sports,2019,30866082,sport,,,,,,,,,,,,,,,,,,,,
1226,Br J Sports Med,2013,24037671,sport,,,,,,,,,,,,,,,,,,,,
1227,Scand J Med Sci Sports,2020,32585734,sport,,,,,,,,,,,,,,,,,,,,
1228,Br J Sports Med,2017,29018060,sport,,,,,,,,,,,,,,,,,,,,
1229,Br J Sports Med,2014,25183627,sport,,,,,,,,,,,,,,,,,,,,
1230,Br J Sports Med,2016,27343238,sport,,,,,,,,,,,,,,,,,,,,
1231,Br J Sports Med,2015,26626268,sport,,,,,,,,,,,,,,,,,,,,
1232,Am J Sports Med,2015,25587186,sport,,,,,,,,,,,,,,,,,,,,
1233,Sports Med,2014,24370992,sport,,,,,,,,,,,,,,,,,,,,
1234,J Rehabil Med,2016,26871564,sport,,,,,,,,,,,,,,,,,,,,
1235,Am J Sports Med,2012,22802271,sport,,,,,,,,,,,,,,,,,,,,
1236,Am J Sports Med,2020,31961703,sport,,,,,,,,,,,,,,,,,,,,
1237,Sports Med,2022,35041180,sport,,,,,,,,,,,,,,,,,,,,
1238,Arch Phys Med Rehabil,2012,22289231,sport,,,,,,,,,,,,,,,,,,,,
1239,Br J Sports Med,2019,31434659,sport,,,,,,,,,,,,,,,,,,,,
1240,J Sci Med Sport,2014,25154702,sport,,,,,,,,,,,,,,,,,,,,
1241,Sports Med,2021,33433863,sport,,,,,,,,,,,,,,,,,,,,
1242,Sports Med,2017,27402455,sport,,,,,,,,,,,,,,,,,,,,
1243,Arch Phys Med Rehabil,2014,24583024,sport,,,,,,,,,,,,,,,,,,,,
1244,Sports Med,2018,29949108,sport,,,,,,,,,,,,,,,,,,,,
1245,Br J Sports Med,2013,24144533,sport,,,,,,,,,,,,,,,,,,,,
1246,J Rehabil Med,2016,27563700,sport,,,,,,,,,,,,,,,,,,,,
1247,Sports Med,2020,31628662,sport,,,,,,,,,,,,,,,,,,,,
1248,Sports Med,2021,33826121,sport,,,,,,,,,,,,,,,,,,,,
1249,Sports Med,2017,28497286,sport,,,,,,,,,,,,,,,,,,,,
1250,Eur J Phys Rehabil Med,2017,28466628,sport,,,,,,,,,,,,,,,,,,,,
1251,Arch Phys Med Rehabil,2018,31030733,sport,,,,,,,,,,,,,,,,,,,,
1252,Sports Med,2017,28097488,sport,,,,,,,,,,,,,,,,,,,,
1253,Am J Sports Med,2017,28129509,sport,,,,,,,,,,,,,,,,,,,,
1254,Arch Phys Med Rehabil,2015,26475933,sport,,,,,,,,,,,,,,,,,,,,
1255,Arch Phys Med Rehabil,2014,24814561,sport,,,,,,,,,,,,,,,,,,,,
1256,Am J Sports Med,2016,27416991,sport,,,,,,,,,,,,,,,,,,,,
1257,Br J Sports Med,2020,33020139,sport,,,,,,,,,,,,,,,,,,,,
1258,Sports Med,2021,34542869,sport,,,,,,,,,,,,,,,,,,,,
1259,Med Sci Sports Exerc,2014,24300125,sport,,,,,,,,,,,,,,,,,,,,
1260,Arch Phys Med Rehabil,2018,30352222,sport,,,,,,,,,,,,,,,,,,,,
1261,Am J Sports Med,2018,30475639,sport,,,,,,,,,,,,,,,,,,,,
1262,Eur J Phys Rehabil Med,2017,29072042,sport,,,,,,,,,,,,,,,,,,,,
1263,Br J Sports Med,2015,26198389,sport,,,,,,,,,,,,,,,,,,,,
1264,Sports Med,2020,31728846,sport,,,,,,,,,,,,,,,,,,,,
1265,Arch Phys Med Rehabil,2019,31877308,sport,,,,,,,,,,,,,,,,,,,,
1266,Br J Sports Med,2020,32522732,sport,,,,,,,,,,,,,,,,,,,,
1267,Br J Sports Med,2016,27834676,sport,,,,,,,,,,,,,,,,,,,,
1268,Arch Phys Med Rehabil,2021,33454279,sport,,,,,,,,,,,,,,,,,,,,
1269,Arch Phys Med Rehabil,2012,22289232,sport,,,,,,,,,,,,,,,,,,,,
1270,Br J Sports Med,2018,30337345,sport,,,,,,,,,,,,,,,,,,,,
1271,Br J Sports Med,2015,25824446,sport,,,,,,,,,,,,,,,,,,,,
1272,Am J Sports Med,2018,30148653,sport,,,,,,,,,,,,,,,,,,,,
1273,J Rehabil Med,2022,35037693,sport,,,,,,,,,,,,,,,,,,,,
1274,Arch Phys Med Rehabil,2021,34461084,sport,,,,,,,,,,,,,,,,,,,,
1275,Sports Med,2015,25851584,sport,,,,,,,,,,,,,,,,,,,,
1276,Sports Med,2018,30341594,sport,,,,,,,,,,,,,,,,,,,,
1277,Sports Med,2015,25277808,sport,,,,,,,,,,,,,,,,,,,,
1278,Med Sci Sports Exerc,2014,24963792,sport,,,,,,,,,,,,,,,,,,,,
1279,Med Sci Sports Exerc,2017,28419024,sport,,,,,,,,,,,,,,,,,,,,
1280,J Sci Med Sport,2020,32360243,sport,,,,,,,,,,,,,,,,,,,,
1281,Med Sci Sports Exerc,2014,23899892,sport,,,,,,,,,,,,,,,,,,,,
1282,Br J Sports Med,2016,28053200,sport,,,,,,,,,,,,,,,,,,,,
1283,Br J Sports Med,2019,31151938,sport,,,,,,,,,,,,,,,,,,,,
1284,J Sci Med Sport,2021,34509342,sport,,,,,,,,,,,,,,,,,,,,
1285,Scand J Med Sci Sports,2013,23362828,sport,,,,,,,,,,,,,,,,,,,,
1286,Am J Sports Med,2020,33017542,sport,,,,,,,,,,,,,,,,,,,,
1287,Arch Phys Med Rehabil,2015,25827655,sport,,,,,,,,,,,,,,,,,,,,
1288,J Rehabil Med,2015,26181486,sport,,,,,,,,,,,,,,,,,,,,
1289,Br J Sports Med,2016,26729857,sport,,,,,,,,,,,,,,,,,,,,
1290,Sports Med,2022,35038142,sport,,,,,,,,,,,,,,,,,,,,
1291,Arch Phys Med Rehabil,2013,23439410,sport,,,,,,,,,,,,,,,,,,,,
1292,Br J Sports Med,2013,24311602,sport,,,,,,,,,,,,,,,,,,,,
1293,Sports Med,2021,34453277,sport,,,,,,,,,,,,,,,,,,,,
1294,Arch Phys Med Rehabil,2014,25529265,sport,,,,,,,,,,,,,,,,,,,,
1295,Arch Phys Med Rehabil,2017,28797618,sport,,,,,,,,,,,,,,,,,,,,
1296,Sports Med,2020,32740889,sport,,,,,,,,,,,,,,,,,,,,
1297,Br J Sports Med,2014,25185588,sport,,,,,,,,,,,,,,,,,,,,
1298,Scand J Med Sci Sports,2017,28452070,sport,,,,,,,,,,,,,,,,,,,,
1299,Scand J Med Sci Sports,2021,33559271,sport,,,,,,,,,,,,,,,,,,,,
1300,Arch Phys Med Rehabil,2021,33933439,sport,,,,,,,,,,,,,,,,,,,,
1301,Br J Sports Med,2017,28615218,sport,,,,,,,,,,,,,,,,,,,,
1302,Arch Phys Med Rehabil,2018,29634915,sport,,,,,,,,,,,,,,,,,,,,
1303,Arch Phys Med Rehabil,2020,32553899,sport,,,,,,,,,,,,,,,,,,,,
1304,Arch Phys Med Rehabil,2017,28254635,sport,,,,,,,,,,,,,,,,,,,,
1305,Am J Sports Med,2017,29268037,sport,,,,,,,,,,,,,,,,,,,,
1306,Am J Sports Med,2014,24817008,sport,,,,,,,,,,,,,,,,,,,,
1307,Br J Sports Med,2018,30337344,sport,,,,,,,,,,,,,,,,,,,,
1308,Sports Med,2021,33146851,sport,,,,,,,,,,,,,,,,,,,,
1309,Br J Sports Med,2020,32829298,sport,,,,,,,,,,,,,,,,,,,,
1310,Br J Sports Med,2021,33731385,sport,,,,,,,,,,,,,,,,,,,,
1311,Br J Sports Med,2017,28087568,sport,,,,,,,,,,,,,,,,,,,,
1312,Br J Sports Med,2018,30181323,sport,,,,,,,,,,,,,,,,,,,,
1313,Scand J Med Sci Sports,2019,31136014,sport,,,,,,,,,,,,,,,,,,,,
1314,Sports Med,2017,27704484,sport,,,,,,,,,,,,,,,,,,,,
1315,J Rehabil Med,2017,28101556,sport,,,,,,,,,,,,,,,,,,,,
1316,Am J Sports Med,2017,28982255,sport,,,,,,,,,,,,,,,,,,,,
1317,Br J Sports Med,2017,28501804,sport,,,,,,,,,,,,,,,,,,,,
1318,Br J Sports Med,2016,27467253,sport,,,,,,,,,,,,,,,,,,,,
1319,Arch Phys Med Rehabil,2019,30986409,sport,,,,,,,,,,,,,,,,,,,,
1320,Sports Med,2021,33721284,sport,,,,,,,,,,,,,,,,,,,,
1321,Sports Med,2017,28664327,sport,,,,,,,,,,,,,,,,,,,,
1322,Scand J Med Sci Sports,2021,33533045,sport,,,,,,,,,,,,,,,,,,,,
1323,Eur J Phys Rehabil Med,2016,26771917,sport,,,,,,,,,,,,,,,,,,,,
1324,Am J Sports Med,2018,29466688,sport,,,,,,,,,,,,,,,,,,,,
1325,Scand J Med Sci Sports,2020,31872465,sport,,,,,,,,,,,,,,,,,,,,
1326,J Sci Med Sport,2018,30554924,sport,,,,,,,,,,,,,,,,,,,,
1327,Scand J Med Sci Sports,2013,24151875,sport,,,,,,,,,,,,,,,,,,,,
1328,J Sci Med Sport,2012,22951266,sport,,,,,,,,,,,,,,,,,,,,
1329,Arch Phys Med Rehabil,2013,23632285,sport,,,,,,,,,,,,,,,,,,,,
1330,Sports Med,2016,26894274,sport,,,,,,,,,,,,,,,,,,,,
1331,Sports Med,2014,24297743,sport,,,,,,,,,,,,,,,,,,,,
1332,Arch Phys Med Rehabil,2021,34407446,sport,,,,,,,,,,,,,,,,,,,,
1333,Med Sci Sports Exerc,2021,32925496,sport,,,,,,,,,,,,,,,,,,,,
1334,Am J Sports Med,2012,22539537,sport,,,,,,,,,,,,,,,,,,,,
1335,Br J Sports Med,2016,27707739,sport,,,,,,,,,,,,,,,,,,,,
1336,Am J Sports Med,2019,31188642,sport,,,,,,,,,,,,,,,,,,,,
1337,Br J Sports Med,2016,29449219,sport,,,,,,,,,,,,,,,,,,,,
1338,J Rehabil Med,2019,30843082,sport,,,,,,,,,,,,,,,,,,,,
1339,Br J Sports Med,2021,34789459,sport,,,,,,,,,,,,,,,,,,,,
1340,Br J Sports Med,2018,29695511,sport,,,,,,,,,,,,,,,,,,,,
1341,Arch Phys Med Rehabil,2017,28687317,sport,,,,,,,,,,,,,,,,,,,,
1342,Arch Phys Med Rehabil,2018,30055161,sport,,,,,,,,,,,,,,,,,,,,
1343,Am J Sports Med,2014,25143489,sport,,,,,,,,,,,,,,,,,,,,
1344,Arch Phys Med Rehabil,2018,29738743,sport,,,,,,,,,,,,,,,,,,,,
1345,Am J Sports Med,2020,33321046,sport,,,,,,,,,,,,,,,,,,,,
1346,Arch Phys Med Rehabil,2020,32059945,sport,,,,,,,,,,,,,,,,,,,,
1347,Sports Med,2019,31267483,sport,,,,,,,,,,,,,,,,,,,,
1348,Am J Sports Med,2019,30735431,sport,,,,,,,,,,,,,,,,,,,,
1349,J Rehabil Med,2018,30299523,sport,,,,,,,,,,,,,,,,,,,,
1350,Br J Sports Med,2019,31331944,sport,,,,,,,,,,,,,,,,,,,,
1351,Am J Sports Med,2021,33720789,sport,,,,,,,,,,,,,,,,,,,,
1352,Sports Med,2014,24129784,sport,,,,,,,,,,,,,,,,,,,,
1353,Arch Phys Med Rehabil,2016,26976801,sport,,,,,,,,,,,,,,,,,,,,
1354,Arch Phys Med Rehabil,2013,23399455,sport,,,,,,,,,,,,,,,,,,,,
1355,Am J Sports Med,2018,29373805,sport,,,,,,,,,,,,,,,,,,,,
1356,Br J Sports Med,2020,33355160,sport,,,,,,,,,,,,,,,,,,,,
1357,Br J Sports Med,2019,30926628,sport,,,,,,,,,,,,,,,,,,,,
1358,Br J Sports Med,2013,23757486,sport,,,,,,,,,,,,,,,,,,,,
1359,Sports Med,2019,30446905,sport,,,,,,,,,,,,,,,,,,,,
1360,Arch Phys Med Rehabil,2018,29859178,sport,,,,,,,,,,,,,,,,,,,,
1361,Sports Med,2021,34932203,sport,,,,,,,,,,,,,,,,,,,,
1362,J Sci Med Sport,2017,29107539,sport,,,,,,,,,,,,,,,,,,,,
1363,J Sci Med Sport,2021,34465518,sport,,,,,,,,,,,,,,,,,,,,
1364,Med Sci Sports Exerc,2013,23274612,sport,,,,,,,,,,,,,,,,,,,,
1365,Br J Sports Med,2018,29678893,sport,,,,,,,,,,,,,,,,,,,,
1366,Br J Sports Med,2014,25361786,sport,,,,,,,,,,,,,,,,,,,,
1367,Med Sci Sports Exerc,2021,34649267,sport,,,,,,,,,,,,,,,,,,,,
1368,Br J Sports Med,2019,31563884,sport,,,,,,,,,,,,,,,,,,,,
1369,Sports Med,2014,25138311,sport,,,,,,,,,,,,,,,,,,,,
1370,Br J Sports Med,2018,30131332,sport,,,,,,,,,,,,,,,,,,,,
1371,J Rehabil Med,2015,25782842,sport,,,,,,,,,,,,,,,,,,,,
1372,Sports Med,2018,29691754,sport,,,,,,,,,,,,,,,,,,,,
1373,Am J Sports Med,2017,28636429,sport,,,,,,,,,,,,,,,,,,,,
1374,Arch Phys Med Rehabil,2017,28427925,sport,,,,,,,,,,,,,,,,,,,,
1375,J Sci Med Sport,2017,28666769,sport,,,,,,,,,,,,,,,,,,,,
1376,Br J Sports Med,2016,27251896,sport,,,,,,,,,,,,,,,,,,,,
1377,Am J Sports Med,2020,32109153,sport,,,,,,,,,,,,,,,,,,,,
1378,Br J Sports Med,2018,30194221,sport,,,,,,,,,,,,,,,,,,,,
1379,Sports Med,2016,26442916,sport,,,,,,,,,,,,,,,,,,,,
1380,Sports Med,2015,25946993,sport,,,,,,,,,,,,,,,,,,,,
1381,J Rehabil Med,2019,31544952,sport,,,,,,,,,,,,,,,,,,,,
1382,Sports Med,2021,34499338,sport,,,,,,,,,,,,,,,,,,,,
1383,Br J Sports Med,2015,26701925,sport,,,,,,,,,,,,,,,,,,,,
1384,Sports Med,2021,34932205,sport,,,,,,,,,,,,,,,,,,,,
1385,Am J Sports Med,2012,22679297,sport,,,,,,,,,,,,,,,,,,,,
1386,J Rehabil Med,2019,30516821,sport,,,,,,,,,,,,,,,,,,,,
1387,Arch Phys Med Rehabil,2021,33965395,sport,,,,,,,,,,,,,,,,,,,,
1388,Sports Med,2021,33398798,sport,,,,,,,,,,,,,,,,,,,,
1389,Sports Med,2015,26420238,sport,,,,,,,,,,,,,,,,,,,,
1390,Arch Phys Med Rehabil,2013,24036161,sport,,,,,,,,,,,,,,,,,,,,
1391,Med Sci Sports Exerc,2018,29933347,sport,,,,,,,,,,,,,,,,,,,,
1392,Sports Med,2017,27844337,sport,,,,,,,,,,,,,,,,,,,,
1393,Arch Phys Med Rehabil,2016,27576191,sport,,,,,,,,,,,,,,,,,,,,
1394,Scand J Med Sci Sports,2017,28271547,sport,,,,,,,,,,,,,,,,,,,,
1395,Sports Med,2021,33609272,sport,,,,,,,,,,,,,,,,,,,,
1396,Arch Phys Med Rehabil,2017,28455193,sport,,,,,,,,,,,,,,,,,,,,
1397,Am J Sports Med,2015,25999439,sport,,,,,,,,,,,,,,,,,,,,
1398,Am J Sports Med,2020,32795174,sport,,,,,,,,,,,,,,,,,,,,
1399,Sports Med,2018,29541965,sport,,,,,,,,,,,,,,,,,,,,
1400,J Rehabil Med,2018,30184240,sport,,,,,,,,,,,,,,,,,,,,
1401,Br J Sports Med,2016,27993843,sport,,,,,,,,,,,,,,,,,,,,
1402,Arch Phys Med Rehabil,2014,24841629,sport,,,,,,,,,,,,,,,,,,,,
1403,Sports Med,2021,34878638,sport,,,,,,,,,,,,,,,,,,,,
1404,Eur J Phys Rehabil Med,2012,23183454,sport,,,,,,,,,,,,,,,,,,,,
1405,Arch Phys Med Rehabil,2015,25712347,sport,,,,,,,,,,,,,,,,,,,,
1406,Sports Med,2017,28573402,sport,,,,,,,,,,,,,,,,,,,,
1407,Sports Med,2020,32651861,sport,,,,,,,,,,,,,,,,,,,,
1408,Sports Med,2016,26790419,sport,,,,,,,,,,,,,,,,,,,,
1409,Med Sci Sports Exerc,2022,34559728,sport,,,,,,,,,,,,,,,,,,,,
1410,Sports Med,2013,23839770,sport,,,,,,,,,,,,,,,,,,,,
1411,Am J Sports Med,2019,31774691,sport,,,,,,,,,,,,,,,,,,,,
1412,Sports Med,2014,25059334,sport,,,,,,,,,,,,,,,,,,,,
1413,Sports Med,2020,33034873,sport,,,,,,,,,,,,,,,,,,,,
1414,Br J Sports Med,2012,22763119,sport,,,,,,,,,,,,,,,,,,,,
1415,J Rehabil Med,2020,32449782,sport,,,,,,,,,,,,,,,,,,,,
1416,Scand J Med Sci Sports,2018,29315892,sport,,,,,,,,,,,,,,,,,,,,
1417,Am J Sports Med,2018,30001501,sport,,,,,,,,,,,,,,,,,,,,
1418,Br J Sports Med,2013,23843482,sport,,,,,,,,,,,,,,,,,,,,
1419,Sports Med,2021,33811616,sport,,,,,,,,,,,,,,,,,,,,
1420,Sports Med,2016,26604100,sport,,,,,,,,,,,,,,,,,,,,
1421,Scand J Med Sci Sports,2021,34861076,sport,,,,,,,,,,,,,,,,,,,,
1422,Scand J Med Sci Sports,2020,33280182,sport,,,,,,,,,,,,,,,,,,,,
1423,Med Sci Sports Exerc,2016,26540263,sport,,,,,,,,,,,,,,,,,,,,
1424,Sports Med,2018,29502328,sport,,,,,,,,,,,,,,,,,,,,
1425,Br J Sports Med,2020,32299793,sport,,,,,,,,,,,,,,,,,,,,
1426,Med Sci Sports Exerc,2020,32936597,sport,,,,,,,,,,,,,,,,,,,,
1427,Sports Med,2019,30838520,sport,,,,,,,,,,,,,,,,,,,,
1428,Am J Sports Med,2015,26138733,sport,,,,,,,,,,,,,,,,,,,,
1429,Sports Med,2021,32897526,sport,,,,,,,,,,,,,,,,,,,,
1430,Br J Sports Med,2021,34872908,sport,,,,,,,,,,,,,,,,,,,,
1431,Arch Phys Med Rehabil,2013,23669008,sport,,,,,,,,,,,,,,,,,,,,
1432,Sports Med,2021,33459990,sport,,,,,,,,,,,,,,,,,,,,
1433,Br J Sports Med,2019,31780447,sport,,,,,,,,,,,,,,,,,,,,
1434,Br J Sports Med,2015,26224582,sport,,,,,,,,,,,,,,,,,,,,
1435,Am J Sports Med,2019,30855979,sport,,,,,,,,,,,,,,,,,,,,
1436,J Sci Med Sport,2016,27129638,sport,,,,,,,,,,,,,,,,,,,,
1437,Sports Med,2014,25053012,sport,,,,,,,,,,,,,,,,,,,,
1438,Br J Sports Med,2018,29936434,sport,,,,,,,,,,,,,,,,,,,,
1439,Med Sci Sports Exerc,2018,29206784,sport,,,,,,,,,,,,,,,,,,,,
1440,Am J Sports Med,2014,25451790,sport,,,,,,,,,,,,,,,,,,,,
1441,J Rehabil Med,2018,29782635,sport,,,,,,,,,,,,,,,,,,,,
1442,Sports Med,2021,34757594,sport,,,,,,,,,,,,,,,,,,,,
1443,Br J Sports Med,2013,23945034,sport,,,,,,,,,,,,,,,,,,,,
1444,Sports Med,2018,29721838,sport,,,,,,,,,,,,,,,,,,,,
1445,Arch Phys Med Rehabil,2014,25511371,sport,,,,,,,,,,,,,,,,,,,,
1446,J Rehabil Med,2020,33073855,sport,,,,,,,,,,,,,,,,,,,,
1447,Am J Sports Med,2021,33890799,sport,,,,,,,,,,,,,,,,,,,,
1448,J Sci Med Sport,2013,23806877,sport,,,,,,,,,,,,,,,,,,,,
1449,Br J Sports Med,2014,24687010,sport,,,,,,,,,,,,,,,,,,,,
1450,Sports Med,2018,29299876,sport,,,,,,,,,,,,,,,,,,,,
1451,Sports Med,2020,31873926,sport,,,,,,,,,,,,,,,,,,,,
1452,Arch Phys Med Rehabil,2020,33383030,sport,,,,,,,,,,,,,,,,,,,,
1453,Eur J Phys Rehabil Med,2019,30955319,sport,,,,,,,,,,,,,,,,,,,,
1454,Scand J Med Sci Sports,2020,32281690,sport,,,,,,,,,,,,,,,,,,,,
1455,Arch Phys Med Rehabil,2020,32171743,sport,,,,,,,,,,,,,,,,,,,,
1456,Med Sci Sports Exerc,2021,33433148,sport,,,,,,,,,,,,,,,,,,,,
1457,Med Sci Sports Exerc,2016,27187093,sport,,,,,,,,,,,,,,,,,,,,
1458,Arch Phys Med Rehabil,2012,23127307,sport,,,,,,,,,,,,,,,,,,,,
1459,Scand J Med Sci Sports,2021,34022085,sport,,,,,,,,,,,,,,,,,,,,
1460,Sports Med,2014,25100644,sport,,,,,,,,,,,,,,,,,,,,
1461,Arch Phys Med Rehabil,2015,26440777,sport,,,,,,,,,,,,,,,,,,,,
1462,Sports Med,2020,31797219,sport,,,,,,,,,,,,,,,,,,,,
1463,Br J Sports Med,2020,33355180,sport,,,,,,,,,,,,,,,,,,,,
1464,Br J Sports Med,2015,26491033,sport,,,,,,,,,,,,,,,,,,,,
1465,Scand J Med Sci Sports,2019,31593613,sport,,,,,,,,,,,,,,,,,,,,
1466,Scand J Med Sci Sports,2017,28801974,sport,,,,,,,,,,,,,,,,,,,,
1467,Am J Sports Med,2021,33720786,sport,,,,,,,,,,,,,,,,,,,,
1468,J Sci Med Sport,2016,27476375,sport,,,,,,,,,,,,,,,,,,,,
1469,Am J Sports Med,2020,33332160,sport,,,,,,,,,,,,,,,,,,,,
1470,J Sci Med Sport,2017,28169146,sport,,,,,,,,,,,,,,,,,,,,
1471,Am J Sports Med,2015,25862038,sport,,,,,,,,,,,,,,,,,,,,
1472,Arch Phys Med Rehabil,2020,32437689,sport,,,,,,,,,,,,,,,,,,,,
1473,Sports Med,2017,28573401,sport,,,,,,,,,,,,,,,,,,,,
1474,Sports Med,2016,26846429,sport,,,,,,,,,,,,,,,,,,,,
1475,Br J Sports Med,2020,33229444,sport,,,,,,,,,,,,,,,,,,,,
1476,Arch Phys Med Rehabil,2015,26049088,sport,,,,,,,,,,,,,,,,,,,,
1477,Arch Phys Med Rehabil,2017,28729171,sport,,,,,,,,,,,,,,,,,,,,
1478,Br J Sports Med,2021,34344709,sport,,,,,,,,,,,,,,,,,,,,
1479,Br J Sports Med,2017,28739834,sport,,,,,,,,,,,,,,,,,,,,
1480,Sports Med,2021,34143412,sport,,,,,,,,,,,,,,,,,,,,
1481,Br J Sports Med,2019,31097452,sport,,,,,,,,,,,,,,,,,,,,
1482,Sports Med,2021,34097298,sport,,,,,,,,,,,,,,,,,,,,
1483,Sports Med,2015,25971368,sport,,,,,,,,,,,,,,,,,,,,
1484,Sports Med,2021,34716905,sport,,,,,,,,,,,,,,,,,,,,
1485,Scand J Med Sci Sports,2020,31904889,sport,,,,,,,,,,,,,,,,,,,,
1486,Am J Sports Med,2021,33886399,sport,,,,,,,,,,,,,,,,,,,,
1487,Med Sci Sports Exerc,2020,32301856,sport,,,,,,,,,,,,,,,,,,,,
1488,Arch Phys Med Rehabil,2018,29428344,sport,,,,,,,,,,,,,,,,,,,,
1489,Am J Sports Med,2020,32045280,sport,,,,,,,,,,,,,,,,,,,,
1490,J Sci Med Sport,2017,29054748,sport,,,,,,,,,,,,,,,,,,,,
1491,Am J Sports Med,2017,28759729,sport,,,,,,,,,,,,,,,,,,,,
1492,Am J Sports Med,2020,33166481,sport,,,,,,,,,,,,,,,,,,,,
1493,Sports Med,2015,25618013,sport,,,,,,,,,,,,,,,,,,,,
1494,Am J Sports Med,2014,24569702,sport,,,,,,,,,,,,,,,,,,,,
1495,Sports Med,2018,29876876,sport,,,,,,,,,,,,,,,,,,,,
1496,Sports Med,2017,27704483,sport,,,,,,,,,,,,,,,,,,,,
1497,Br J Sports Med,2019,30808665,sport,,,,,,,,,,,,,,,,,,,,
1498,Br J Sports Med,2019,31227491,sport,,,,,,,,,,,,,,,,,,,,
1499,Br J Sports Med,2018,30217831,sport,,,,,,,,,,,,,,,,,,,,
1500,Br J Sports Med,2015,26281836,sport,,,,,,,,,,,,,,,,,,,,