journal,year,pubmed
Br J Sports Med,2012,22919022
Br J Sports Med,2012,22844035
Br J Sports Med,2012,22773322
Br J Sports Med,2012,22773321
Br J Sports Med,2012,22763119
Br J Sports Med,2012,22763118
Br J Sports Med,2012,22711797
Br J Sports Med,2012,22267567
Sports Med,2012,23134339
Sports Med,2012,22765281
Sports Med,2012,22642829
Sports Med,2012,22149696
Sports Med,2012,22124445
Am J Sports Med,2012,23048042
Am J Sports Med,2012,22972856
Am J Sports Med,2012,22972854
Am J Sports Med,2012,22802271
Am J Sports Med,2012,22679297
Am J Sports Med,2012,22539537
J Sci Med Sport,2012,22951266
J Sci Med Sport,2012,22609052
J Sci Med Sport,2012,22541990
J Sci Med Sport,2012,22513304
Scand J Med Sci Sports,2012,22316148
Eur J Phys Rehabil Med,2012,23183454
Arch Phys Med Rehabil,2012,23201318
Arch Phys Med Rehabil,2012,23187042
Arch Phys Med Rehabil,2012,23168400
Arch Phys Med Rehabil,2012,23149311
Arch Phys Med Rehabil,2012,23149310
Arch Phys Med Rehabil,2012,23127307
Arch Phys Med Rehabil,2012,22960276
Arch Phys Med Rehabil,2012,22878230
Arch Phys Med Rehabil,2012,22728699
Arch Phys Med Rehabil,2012,22421624
Arch Phys Med Rehabil,2012,22421623
Arch Phys Med Rehabil,2012,22365478
Arch Phys Med Rehabil,2012,22289232
Arch Phys Med Rehabil,2012,22289231
J Rehabil Med,2012,22990349
J Rehabil Med,2012,22854872
Br J Sports Med,2013,24311602
Br J Sports Med,2013,24282204
Br J Sports Med,2013,24297836
Br J Sports Med,2013,24144533
Br J Sports Med,2013,24144531
Br J Sports Med,2013,24100287
Br J Sports Med,2013,24037671
Br J Sports Med,2013,23945034
Br J Sports Med,2013,23922282
Br J Sports Med,2013,23881891
Br J Sports Med,2013,23843482
Br J Sports Med,2013,23757486
Br J Sports Med,2013,23709520
Br J Sports Med,2013,23467962
Sports Med,2013,23996137
Sports Med,2013,23912806
Sports Med,2013,23846823
Sports Med,2013,23839770
Sports Med,2013,23812856
Sports Med,2013,23754172
Sports Med,2013,23729196
Sports Med,2013,23329611
Sports Med,2013,23329606
Am J Sports Med,2013,24305648
Am J Sports Med,2013,24214929
Am J Sports Med,2013,24130247
Am J Sports Med,2013,23631884
Am J Sports Med,2013,23585484
Am J Sports Med,2013,23364897
Med Sci Sports Exerc,2013,23669878
Med Sci Sports Exerc,2013,23502972
Med Sci Sports Exerc,2013,23274612
J Sci Med Sport,2013,23806877
J Sci Med Sport,2013,23602562
J Sci Med Sport,2013,23528254
Scand J Med Sci Sports,2013,24151875
Scand J Med Sci Sports,2013,23889316
Scand J Med Sci Sports,2013,23362828
Scand J Med Sci Sports,2013,23347054
Eur J Phys Rehabil Med,2013,23575201
Arch Phys Med Rehabil,2013,24333741
Arch Phys Med Rehabil,2013,24309072
Arch Phys Med Rehabil,2013,24291597
Arch Phys Med Rehabil,2013,24291594
Arch Phys Med Rehabil,2013,24036161
Arch Phys Med Rehabil,2013,23669008
Arch Phys Med Rehabil,2013,23632286
Arch Phys Med Rehabil,2013,23632285
Arch Phys Med Rehabil,2013,23562414
Arch Phys Med Rehabil,2013,23499780
Arch Phys Med Rehabil,2013,23473702
Arch Phys Med Rehabil,2013,23439410
Arch Phys Med Rehabil,2013,23416220
Arch Phys Med Rehabil,2013,23399455
Arch Phys Med Rehabil,2013,23337428
Arch Phys Med Rehabil,2013,23313355
Br J Sports Med,2014,25515771
Br J Sports Med,2014,25497489
Br J Sports Med,2014,25492646
Br J Sports Med,2014,25452612
Br J Sports Med,2014,25416198
Br J Sports Med,2014,25406335
Br J Sports Med,2014,25403682
Br J Sports Med,2014,25361786
Br J Sports Med,2014,25281542
Br J Sports Med,2014,25227125
Br J Sports Med,2014,25185588
Br J Sports Med,2014,25183627
Br J Sports Med,2014,25170074
Br J Sports Med,2014,25157180
Br J Sports Med,2014,25136082
Br J Sports Med,2014,24747298
Br J Sports Med,2014,24687010
Br J Sports Med,2014,24550210
Br J Sports Med,2014,24434186
Sports Med,2014,25138312
Sports Med,2014,25138311
Sports Med,2014,25129698
Sports Med,2014,25100644
Sports Med,2014,25059334
Sports Med,2014,25053012
Sports Med,2014,25047852
Sports Med,2014,25015478
Sports Med,2014,24981245
Sports Med,2014,24981243
Sports Med,2014,24788950
Sports Med,2014,24743927
Sports Med,2014,24696049
Sports Med,2014,24585152
Sports Med,2014,24549476
Sports Med,2014,24532151
Sports Med,2014,24370993
Sports Med,2014,24370992
Sports Med,2014,24297743
Sports Med,2014,24174308
Sports Med,2014,24129784
Sports Med,2014,24105612
Am J Sports Med,2014,25451790
Am J Sports Med,2014,25371440
Am J Sports Med,2014,25296646
Am J Sports Med,2014,25143489
Am J Sports Med,2014,24817008
Am J Sports Med,2014,24793572
Am J Sports Med,2014,24753240
Am J Sports Med,2014,24723417
Am J Sports Med,2014,24569702
Med Sci Sports Exerc,2014,24963792
Med Sci Sports Exerc,2014,24576864
Med Sci Sports Exerc,2014,24300125
Med Sci Sports Exerc,2014,23899893
Med Sci Sports Exerc,2014,23899892
J Sci Med Sport,2014,25620458
J Sci Med Sport,2014,25579977
J Sci Med Sport,2014,25156880
J Sci Med Sport,2014,25154702
J Sci Med Sport,2014,25027771
J Sci Med Sport,2014,24831756
Eur J Phys Rehabil Med,2014,24622050
Arch Phys Med Rehabil,2014,25529265
Arch Phys Med Rehabil,2014,25511371
Arch Phys Med Rehabil,2014,25497515
Arch Phys Med Rehabil,2014,25437106
Arch Phys Med Rehabil,2014,25223491
Arch Phys Med Rehabil,2014,25220943
Arch Phys Med Rehabil,2014,25064781
Arch Phys Med Rehabil,2014,25064775
Arch Phys Med Rehabil,2014,24992021
Arch Phys Med Rehabil,2014,24841629
Arch Phys Med Rehabil,2014,24814561
Arch Phys Med Rehabil,2014,24814460
Arch Phys Med Rehabil,2014,24769068
Arch Phys Med Rehabil,2014,24662810
Arch Phys Med Rehabil,2014,24631801
Arch Phys Med Rehabil,2014,24583024
J Rehabil Med,2014,25182341
J Rehabil Med,2014,24733289
J Rehabil Med,2014,24715196
J Rehabil Med,2014,24626286
Br J Sports Med,2015,26719503
Br J Sports Med,2015,26701925
Br J Sports Med,2015,26675086
Br J Sports Med,2015,26644427
Br J Sports Med,2015,26626271
Br J Sports Med,2015,26626269
Br J Sports Med,2015,26626268
Br J Sports Med,2015,26612846
Br J Sports Med,2015,26598716
Br J Sports Med,2015,26582192
Br J Sports Med,2015,26552416
Br J Sports Med,2015,26511002
Br J Sports Med,2015,26500336
Br J Sports Med,2015,26491033
Br J Sports Med,2015,26476429
Br J Sports Med,2015,26405113
Br J Sports Med,2015,26392595
Br J Sports Med,2015,26385207
Br J Sports Med,2015,26383108
Br J Sports Med,2015,26294443
Br J Sports Med,2015,26281836
Br J Sports Med,2015,26265562
Br J Sports Med,2015,26238869
Br J Sports Med,2015,26224582
Br J Sports Med,2015,26198389
Br J Sports Med,2015,26175019
Br J Sports Med,2015,26130700
Br J Sports Med,2015,26105017
Br J Sports Med,2015,26089322
Br J Sports Med,2015,26084526
Br J Sports Med,2015,26062956
Br J Sports Med,2015,26062955
Br J Sports Med,2015,26036677
Br J Sports Med,2015,26036676
Br J Sports Med,2015,26031646
Br J Sports Med,2015,25907181
Br J Sports Med,2015,25900943
Br J Sports Med,2015,25833903
Br J Sports Med,2015,25824446
Br J Sports Med,2015,25730819
Br J Sports Med,2015,25677796
Br J Sports Med,2015,25601182
Br J Sports Med,2015,25595290
Br J Sports Med,2015,25568330
Sports Med,2015,26487633
Sports Med,2015,26420238
Sports Med,2015,26412212
Sports Med,2015,26392122
Sports Med,2015,26373646
Sports Med,2015,26359066
Sports Med,2015,26325622
Sports Med,2015,26286449
Sports Med,2015,26243014
Sports Med,2015,26210229
Sports Med,2015,26178328
Sports Med,2015,26178327
Sports Med,2015,26121950
Sports Med,2015,26063470
Sports Med,2015,26003475
Sports Med,2015,25971368
Sports Med,2015,25951917
Sports Med,2015,25946994
Sports Med,2015,25946993
Sports Med,2015,25851584
Sports Med,2015,25820456
Sports Med,2015,25790793
Sports Med,2015,25771785
Sports Med,2015,25762083
Sports Med,2015,25749843
Sports Med,2015,25739555
Sports Med,2015,25655373
Sports Med,2015,25618013
Sports Med,2015,25616852
Sports Med,2015,25601394
Sports Med,2015,25430598
Sports Med,2015,25398225
Sports Med,2015,25355074
Sports Med,2015,25281334
Sports Med,2015,25277808
Sports Med,2015,25230780
Am J Sports Med,2015,26673035
Am J Sports Med,2015,26657853
Am J Sports Med,2015,26578719
Am J Sports Med,2015,26316611
Am J Sports Med,2015,26138733
Am J Sports Med,2015,26116355
Am J Sports Med,2015,25999439
Am J Sports Med,2015,25943112
Am J Sports Med,2015,25925602
Am J Sports Med,2015,25862038
Am J Sports Med,2015,25802119
Am J Sports Med,2015,25767267
Am J Sports Med,2015,25748473
Am J Sports Med,2015,25634907
Am J Sports Med,2015,25587186
Med Sci Sports Exerc,2015,25910052
Med Sci Sports Exerc,2015,25680086
Med Sci Sports Exerc,2015,25668403
Med Sci Sports Exerc,2015,25563908
Med Sci Sports Exerc,2015,25386710
J Sci Med Sport,2015,26463594
J Sci Med Sport,2015,26122461
J Sci Med Sport,2015,25819704
Scand J Med Sci Sports,2015,26302881
Scand J Med Sci Sports,2015,26059748
Eur J Phys Rehabil Med,2015,26138090
Eur J Phys Rehabil Med,2015,25573602
Arch Phys Med Rehabil,2015,26740065
Arch Phys Med Rehabil,2015,26705882
Arch Phys Med Rehabil,2015,26701762
Arch Phys Med Rehabil,2015,26475933
Arch Phys Med Rehabil,2015,26440777
Arch Phys Med Rehabil,2015,26409101
Arch Phys Med Rehabil,2015,26384939
Arch Phys Med Rehabil,2015,26189200
Arch Phys Med Rehabil,2015,26163944
Arch Phys Med Rehabil,2015,26049088
Arch Phys Med Rehabil,2015,25827655
Arch Phys Med Rehabil,2015,25712347
Arch Phys Med Rehabil,2015,25666784
Arch Phys Med Rehabil,2015,25634620
Arch Phys Med Rehabil,2015,25596001
Arch Phys Med Rehabil,2015,25576642
J Rehabil Med,2015,26181486
J Rehabil Med,2015,25782842
Br J Sports Med,2016,29449219
Br J Sports Med,2016,28053200
Br J Sports Med,2016,28039127
Br J Sports Med,2016,28003239
Br J Sports Med,2016,27993843
Br J Sports Med,2016,27986760
Br J Sports Med,2016,27927675
Br J Sports Med,2016,27919918
Br J Sports Med,2016,27884862
Br J Sports Med,2016,27884861
Br J Sports Med,2016,27845683
Br J Sports Med,2016,27834676
Br J Sports Med,2016,27815239
Br J Sports Med,2016,27143138
Br J Sports Med,2016,27797728
Br J Sports Med,2016,27797726
Br J Sports Med,2016,27707740
Br J Sports Med,2016,27707739
Br J Sports Med,2016,27697938
Br J Sports Med,2016,27633025
Br J Sports Med,2016,27467253
Br J Sports Med,2016,27445361
Br J Sports Med,2016,27343238
Br J Sports Med,2016,27324873
Br J Sports Med,2016,27317790
Br J Sports Med,2016,27251898
Br J Sports Med,2016,27251896
Br J Sports Med,2016,27198542
Br J Sports Med,2016,27075962
Br J Sports Med,2016,27044603
Br J Sports Med,2016,27034130
Br J Sports Med,2016,27015855
Br J Sports Med,2016,26851290
Br J Sports Med,2016,26809259
Br J Sports Med,2016,26746905
Br J Sports Med,2016,26729890
Br J Sports Med,2016,26729857
Sports Med,2016,27286988
Sports Med,2016,27142535
Sports Med,2016,27139723
Sports Med,2016,27106557
Sports Med,2016,27106556
Sports Med,2016,27102172
Sports Med,2016,27048463
Sports Med,2016,26993132
Sports Med,2016,26936269
Sports Med,2016,26894274
Sports Med,2016,26888648
Sports Med,2016,26886474
Sports Med,2016,26856338
Sports Med,2016,26846429
Sports Med,2016,26790419
Sports Med,2016,26744336
Sports Med,2016,26744335
Sports Med,2016,26714810
Sports Med,2016,26707338
Sports Med,2016,26666744
Sports Med,2016,26626072
Sports Med,2016,26607734
Sports Med,2016,26604100
Sports Med,2016,26589515
Sports Med,2016,26581833
Sports Med,2016,26545362
Sports Med,2016,26542164
Sports Med,2016,26508319
Sports Med,2016,26446894
Sports Med,2016,26446893
Sports Med,2016,26442916
Sports Med,2016,26403470
Sports Med,2016,26403469
Am J Sports Med,2016,28298050
Am J Sports Med,2016,28027657
Am J Sports Med,2016,27864184
Am J Sports Med,2016,27519678
Am J Sports Med,2016,27416991
Am J Sports Med,2016,27268111
Am J Sports Med,2016,27159297
Am J Sports Med,2016,27159291
Am J Sports Med,2016,27045088
Am J Sports Med,2016,26872895
Am J Sports Med,2016,26872893
Am J Sports Med,2016,26772611
Med Sci Sports Exerc,2016,27635773
Med Sci Sports Exerc,2016,27471784
Med Sci Sports Exerc,2016,27314412
Med Sci Sports Exerc,2016,27187093
Med Sci Sports Exerc,2016,26540263
J Sci Med Sport,2016,27825550
J Sci Med Sport,2016,27663764
J Sci Med Sport,2016,27476375
J Sci Med Sport,2016,27129638
Scand J Med Sci Sports,2016,27882617
Scand J Med Sci Sports,2016,27859711
Scand J Med Sci Sports,2016,27714911
Scand J Med Sci Sports,2016,26891716
Eur J Phys Rehabil Med,2016,28004906
Eur J Phys Rehabil Med,2016,27834471
Eur J Phys Rehabil Med,2016,27701368
Eur J Phys Rehabil Med,2016,27585054
Eur J Phys Rehabil Med,2016,26771917
Arch Phys Med Rehabil,2016,27984030
Arch Phys Med Rehabil,2016,27216224
Arch Phys Med Rehabil,2016,27137094
Arch Phys Med Rehabil,2016,27771360
Arch Phys Med Rehabil,2016,27744025
Arch Phys Med Rehabil,2016,27666160
Arch Phys Med Rehabil,2016,27592402
Arch Phys Med Rehabil,2016,27576191
Arch Phys Med Rehabil,2016,27543046
Arch Phys Med Rehabil,2016,27485366
Arch Phys Med Rehabil,2016,27317866
Arch Phys Med Rehabil,2016,27063364
Arch Phys Med Rehabil,2016,26976801
Arch Phys Med Rehabil,2016,26896750
J Rehabil Med,2016,27563700
J Rehabil Med,2016,27172484
J Rehabil Med,2016,26871564
Br J Sports Med,2017,29187349
Br J Sports Med,2017,29146752
Br J Sports Med,2017,29074475
Br J Sports Med,2017,29018060
Br J Sports Med,2017,28954800
Br J Sports Med,2017,28935689
Br J Sports Med,2017,28784622
Br J Sports Med,2017,28739834
Br J Sports Med,2017,28735288
Br J Sports Med,2017,28698222
Br J Sports Med,2017,28630217
Br J Sports Med,2017,28615218
Br J Sports Med,2017,28596288
Br J Sports Med,2017,28501804
Br J Sports Med,2017,28456764
Br J Sports Med,2017,28455366
Br J Sports Med,2017,28438770
Br J Sports Med,2017,28363973
Br J Sports Med,2017,28360142
Br J Sports Med,2017,28259850
Br J Sports Med,2017,28254747
Br J Sports Med,2017,28223305
Br J Sports Med,2017,28087569
Br J Sports Med,2017,28087568
Br J Sports Med,2017,28087567
Sports Med,2017,28822112
Sports Med,2017,28819746
Sports Med,2017,28779359
Sports Med,2017,28755103
Sports Med,2017,28664327
Sports Med,2017,28577257
Sports Med,2017,28573402
Sports Med,2017,28573401
Sports Med,2017,28497286
Sports Med,2017,28497285
Sports Med,2017,28434152
Sports Med,2017,28401426
Sports Med,2017,28386652
Sports Med,2017,28258581
Sports Med,2017,28194720
Sports Med,2017,28105573
Sports Med,2017,28102488
Sports Med,2017,28097488
Sports Med,2017,28058696
Sports Med,2017,27889869
Sports Med,2017,27844337
Sports Med,2017,27752982
Sports Med,2017,27704484
Sports Med,2017,27704483
Sports Med,2017,27699699
Sports Med,2017,27677914
Sports Med,2017,27600147
Sports Med,2017,27497600
Sports Med,2017,27480762
Sports Med,2017,27406221
Sports Med,2017,27402455
Sports Med,2017,27328852
Sports Med,2017,27299747
Sports Med,2017,27282925
Sports Med,2017,27260682
Sports Med,2017,27260681
Sports Med,2017,27245061
Sports Med,2017,27245060
Sports Med,2017,27241124
Sports Med,2017,27100114
Am J Sports Med,2017,29268037
Am J Sports Med,2017,29016194
Am J Sports Med,2017,28982255
Am J Sports Med,2017,28945482
Am J Sports Med,2017,28816515
Am J Sports Med,2017,28759729
Am J Sports Med,2017,28753392
Am J Sports Med,2017,28737955
Am J Sports Med,2017,28719752
Am J Sports Med,2017,28636429
Am J Sports Med,2017,28609637
Am J Sports Med,2017,28570092
Am J Sports Med,2017,28467100
Am J Sports Med,2017,28355084
Am J Sports Med,2017,28288280
Am J Sports Med,2017,28129509
Am J Sports Med,2017,28068159
Am J Sports Med,2017,28060536
Med Sci Sports Exerc,2017,28614193
Med Sci Sports Exerc,2017,28419024
Med Sci Sports Exerc,2017,28079707
J Sci Med Sport,2017,29249685
J Sci Med Sport,2017,29233666
J Sci Med Sport,2017,29107539
J Sci Med Sport,2017,29103914
J Sci Med Sport,2017,29054748
J Sci Med Sport,2017,28666769
J Sci Med Sport,2017,28385560
J Sci Med Sport,2017,28233675
J Sci Med Sport,2017,28169146
Scand J Med Sci Sports,2017,28801974
Scand J Med Sci Sports,2017,28801950
Scand J Med Sci Sports,2017,28453881
Scand J Med Sci Sports,2017,28452070
Scand J Med Sci Sports,2017,28449312
Scand J Med Sci Sports,2017,28271547
Eur J Phys Rehabil Med,2017,29072042
Eur J Phys Rehabil Med,2017,28976171
Eur J Phys Rehabil Med,2017,28901119
Eur J Phys Rehabil Med,2017,28466628
Eur J Phys Rehabil Med,2017,28145397
Arch Phys Med Rehabil,2017,29122581
Arch Phys Med Rehabil,2017,29056502
Arch Phys Med Rehabil,2017,28947163
Arch Phys Med Rehabil,2017,28943161
Arch Phys Med Rehabil,2017,28899826
Arch Phys Med Rehabil,2017,28888384
Arch Phys Med Rehabil,2017,28882509
Arch Phys Med Rehabil,2017,28860095
Arch Phys Med Rehabil,2017,28803906
Arch Phys Med Rehabil,2017,28802812
Arch Phys Med Rehabil,2017,28797618
Arch Phys Med Rehabil,2017,28751254
Arch Phys Med Rehabil,2017,28734936
Arch Phys Med Rehabil,2017,28729171
Arch Phys Med Rehabil,2017,28690077
Arch Phys Med Rehabil,2017,28687317
Arch Phys Med Rehabil,2017,28483655
Arch Phys Med Rehabil,2017,28455193
Arch Phys Med Rehabil,2017,28455191
Arch Phys Med Rehabil,2017,28433414
Arch Phys Med Rehabil,2017,28427926
Arch Phys Med Rehabil,2017,28427925
Arch Phys Med Rehabil,2017,28400182
Arch Phys Med Rehabil,2017,28366821
Arch Phys Med Rehabil,2017,28254635
Arch Phys Med Rehabil,2017,28232252
Arch Phys Med Rehabil,2017,28088382
J Rehabil Med,2017,28933513
J Rehabil Med,2017,28661548
J Rehabil Med,2017,28352936
J Rehabil Med,2017,28112356
J Rehabil Med,2017,28101556
J Rehabil Med,2017,27983739
Br J Sports Med,2018,30563873
Br J Sports Med,2018,30352864
Br J Sports Med,2018,30337466
Br J Sports Med,2018,30337465
Br J Sports Med,2018,30337464
Br J Sports Med,2018,30337463
Br J Sports Med,2018,30337462
Br J Sports Med,2018,30337461
Br J Sports Med,2018,30337349
Br J Sports Med,2018,30337347
Br J Sports Med,2018,30337346
Br J Sports Med,2018,30337345
Br J Sports Med,2018,30337344
Br J Sports Med,2018,30242107
Br J Sports Med,2018,30217831
Br J Sports Med,2018,30194221
Br J Sports Med,2018,30181324
Br J Sports Med,2018,30181323
Br J Sports Med,2018,30170996
Br J Sports Med,2018,30131332
Br J Sports Med,2018,30121584
Br J Sports Med,2018,30054341
Br J Sports Med,2018,29991570
Br J Sports Med,2018,29954828
Br J Sports Med,2018,29936434
Br J Sports Med,2018,29936432
Br J Sports Med,2018,29934430
Br J Sports Med,2018,29886437
Br J Sports Med,2018,29858464
Br J Sports Med,2018,29760168
Br J Sports Med,2018,29743171
Br J Sports Med,2018,29695511
Br J Sports Med,2018,29678893
Br J Sports Med,2018,29599121
Br J Sports Med,2018,29581142
Br J Sports Med,2018,29555795
Br J Sports Med,2018,29549150
Br J Sports Med,2018,29540366
Br J Sports Med,2018,29514822
Br J Sports Med,2018,29439949
Br J Sports Med,2018,29436380
Br J Sports Med,2018,29371223
Br J Sports Med,2018,29371222
Br J Sports Med,2018,29331992
Sports Med,2018,30357656
Sports Med,2018,30341594
Sports Med,2018,30298478
Sports Med,2018,30141022
Sports Med,2018,30117054
Sports Med,2018,30078066
Sports Med,2018,29961208
Sports Med,2018,29949109
Sports Med,2018,29949108
Sports Med,2018,29926369
Sports Med,2018,29923148
Sports Med,2018,29876876
Sports Med,2018,29766442
Sports Med,2018,29736728
Sports Med,2018,29721839
Sports Med,2018,29721838
Sports Med,2018,29691754
Sports Med,2018,29687278
Sports Med,2018,29651756
Sports Med,2018,29626334
Sports Med,2018,29582381
Sports Med,2018,29546641
Sports Med,2018,29541965
Sports Med,2018,29536262
Sports Med,2018,29502328
Sports Med,2018,29470825
Sports Med,2018,29453742
Sports Med,2018,29299876
Sports Med,2018,29288436
Sports Med,2018,29288435
Sports Med,2018,29270864
Sports Med,2018,29249082
Sports Med,2018,29189928
Sports Med,2018,29177977
Sports Med,2018,29164533
Sports Med,2018,29129022
Sports Med,2018,29129021
Sports Med,2018,29127602
Sports Med,2018,29098658
Sports Med,2018,29098657
Sports Med,2018,29086218
Sports Med,2018,29043659
Sports Med,2018,28917030
Am J Sports Med,2018,30475639
Am J Sports Med,2018,30388026
Am J Sports Med,2018,30380334
Am J Sports Med,2018,30272997
Am J Sports Med,2018,30148653
Am J Sports Med,2018,30113231
Am J Sports Med,2018,30074832
Am J Sports Med,2018,30067066
Am J Sports Med,2018,30001501
Am J Sports Med,2018,29963905
Am J Sports Med,2018,29949383
Am J Sports Med,2018,29906191
Am J Sports Med,2018,29723036
Am J Sports Med,2018,29683338
Am J Sports Med,2018,29630397
Am J Sports Med,2018,29601207
Am J Sports Med,2018,29595996
Am J Sports Med,2018,29558168
Am J Sports Med,2018,29517925
Am J Sports Med,2018,29466688
Am J Sports Med,2018,29373805
Am J Sports Med,2018,29328888
Med Sci Sports Exerc,2018,29933347
Med Sci Sports Exerc,2018,29787475
Med Sci Sports Exerc,2018,29683925
Med Sci Sports Exerc,2018,29509639
Med Sci Sports Exerc,2018,29206784
J Sci Med Sport,2018,30803498
J Sci Med Sport,2018,30554924
J Sci Med Sport,2018,30217692
J Sci Med Sport,2018,30170953
J Sci Med Sport,2018,29571697
J Sci Med Sport,2018,29526411
Scand J Med Sci Sports,2018,30456827
Scand J Med Sci Sports,2018,29762863
Scand J Med Sci Sports,2018,29723933
Scand J Med Sci Sports,2018,29315892
Res Sports Med,2018,30518253
Eur J Phys Rehabil Med,2018,30311493
Arch Phys Med Rehabil,2018,31030733
Arch Phys Med Rehabil,2018,30612980
Arch Phys Med Rehabil,2018,30529323
Arch Phys Med Rehabil,2018,30508504
Arch Phys Med Rehabil,2018,30452892
Arch Phys Med Rehabil,2018,30414398
Arch Phys Med Rehabil,2018,30367876
Arch Phys Med Rehabil,2018,30352222
Arch Phys Med Rehabil,2018,30240594
Arch Phys Med Rehabil,2018,30240593
Arch Phys Med Rehabil,2018,30125554
Arch Phys Med Rehabil,2018,30076801
Arch Phys Med Rehabil,2018,30055161
Arch Phys Med Rehabil,2018,30025997
Arch Phys Med Rehabil,2018,29966649
Arch Phys Med Rehabil,2018,29902471
Arch Phys Med Rehabil,2018,29885311
Arch Phys Med Rehabil,2018,29859178
Arch Phys Med Rehabil,2018,29738744
Arch Phys Med Rehabil,2018,29738743
Arch Phys Med Rehabil,2018,29730319
Arch Phys Med Rehabil,2018,29698639
Arch Phys Med Rehabil,2018,29678450
Arch Phys Med Rehabil,2018,29634915
Arch Phys Med Rehabil,2018,29428344
Arch Phys Med Rehabil,2018,29425700
Arch Phys Med Rehabil,2018,29337021
Arch Phys Med Rehabil,2018,29329670
J Rehabil Med,2018,30299523
J Rehabil Med,2018,30264850
J Rehabil Med,2018,30184240
J Rehabil Med,2018,30132012
J Rehabil Med,2018,29782635
J Rehabil Med,2018,29767225
J Rehabil Med,2018,29736553
J Rehabil Med,2018,29392334
J Rehabil Med,2018,29392329
J Rehabil Med,2018,29257195
J Rehabil Med,2018,29227525
J Rehabil Med,2018,29077129
J Rehabil Med,2018,28862711
Br J Sports Med,2019,31848152
Br J Sports Med,2019,31780447
Br J Sports Med,2019,31732650
Br J Sports Med,2019,31685526
Br J Sports Med,2019,31672696
Br J Sports Med,2019,31666220
Br J Sports Med,2019,31619381
Br J Sports Med,2019,31563884
Br J Sports Med,2019,31434659
Br J Sports Med,2019,31406017
Br J Sports Med,2019,31399430
Br J Sports Med,2019,31375498
Br J Sports Med,2019,31331944
Br J Sports Med,2019,31296585
Br J Sports Med,2019,31227491
Br J Sports Med,2019,31171515
Br J Sports Med,2019,31154342
Br J Sports Med,2019,31151938
Br J Sports Med,2019,31151937
Br J Sports Med,2019,31142471
Br J Sports Med,2019,31097452
Br J Sports Med,2019,31097451
Br J Sports Med,2019,31092399
Br J Sports Med,2019,31072840
Br J Sports Med,2019,30979698
Br J Sports Med,2019,30926628
Br J Sports Med,2019,30824459
Br J Sports Med,2019,30808665
Br J Sports Med,2019,30808663
Br J Sports Med,2019,30796103
Br J Sports Med,2019,30765340
Br J Sports Med,2019,30760458
Br J Sports Med,2019,30737201
Br J Sports Med,2019,30728127
Br J Sports Med,2019,30728126
Br J Sports Med,2019,30647053
Br J Sports Med,2019,30636702
Sports Med,2019,31506904
Sports Med,2019,31506901
Sports Med,2019,31494865
Sports Med,2019,31494864
Sports Med,2019,31429036
Sports Med,2019,31401727
Sports Med,2019,31270754
Sports Med,2019,31267483
Sports Med,2019,31214979
Sports Med,2019,31175636
Sports Med,2019,31148073
Sports Med,2019,31115827
Sports Med,2019,31104227
Sports Med,2019,30993594
Sports Med,2019,30972659
Sports Med,2019,30953308
Sports Med,2019,30945205
Sports Med,2019,30905035
Sports Med,2019,30895562
Sports Med,2019,30868441
Sports Med,2019,30847825
Sports Med,2019,30838520
Sports Med,2019,30830561
Sports Med,2019,30747376
Sports Med,2019,30706234
Sports Med,2019,30659500
Sports Med,2019,30659497
Sports Med,2019,30560421
Sports Med,2019,30488186
Sports Med,2019,30446905
Sports Med,2019,30374946
Sports Med,2019,30374942
Sports Med,2019,30341595
Sports Med,2019,30306467
Am J Sports Med,2019,31874044
Am J Sports Med,2019,31829034
Am J Sports Med,2019,31825650
Am J Sports Med,2019,31821010
Am J Sports Med,2019,31800300
Am J Sports Med,2019,31774704
Am J Sports Med,2019,31774691
Am J Sports Med,2019,31743037
Am J Sports Med,2019,31684739
Am J Sports Med,2019,31634004
Am J Sports Med,2019,31585053
Am J Sports Med,2019,31503501
Am J Sports Med,2019,31469584
Am J Sports Med,2019,31381374
Am J Sports Med,2019,31315003
Am J Sports Med,2019,31188642
Am J Sports Med,2019,31100005
Am J Sports Med,2019,31082325
Am J Sports Med,2019,30855979
Am J Sports Med,2019,30835150
Am J Sports Med,2019,30790526
Am J Sports Med,2019,30781966
Am J Sports Med,2019,30735431
Med Sci Sports Exerc,2019,30649093
J Sci Med Sport,2019,31753742
J Sci Med Sport,2019,31722840
J Sci Med Sport,2019,31704026
J Sci Med Sport,2019,31466868
J Sci Med Sport,2019,31133481
J Sci Med Sport,2019,31036532
J Sci Med Sport,2019,30733142
J Sci Med Sport,2019,30683485
Scand J Med Sci Sports,2019,31593613
Scand J Med Sci Sports,2019,31545531
Scand J Med Sci Sports,2019,31418915
Scand J Med Sci Sports,2019,31394009
Scand J Med Sci Sports,2019,31340407
Scand J Med Sci Sports,2019,31136014
Scand J Med Sci Sports,2019,31050061
Scand J Med Sci Sports,2019,31034665
Scand J Med Sci Sports,2019,30866082
Scand J Med Sci Sports,2019,30779389
Eur J Phys Rehabil Med,2019,31615195
Eur J Phys Rehabil Med,2019,31106558
Eur J Phys Rehabil Med,2019,30955319
Eur J Phys Rehabil Med,2019,30868835
Arch Phys Med Rehabil,2019,31891713
Arch Phys Med Rehabil,2019,31877308
Arch Phys Med Rehabil,2019,31821799
Arch Phys Med Rehabil,2019,31821797
Arch Phys Med Rehabil,2019,31738893
Arch Phys Med Rehabil,2019,31730754
Arch Phys Med Rehabil,2019,31689417
Arch Phys Med Rehabil,2019,31689416
Arch Phys Med Rehabil,2019,31669297
Arch Phys Med Rehabil,2019,31568760
Arch Phys Med Rehabil,2019,31465763
Arch Phys Med Rehabil,2019,31465758
Arch Phys Med Rehabil,2019,31400308
Arch Phys Med Rehabil,2019,31398354
Arch Phys Med Rehabil,2019,31078616
Arch Phys Med Rehabil,2019,31004565
Arch Phys Med Rehabil,2019,31002813
Arch Phys Med Rehabil,2019,30986409
Arch Phys Med Rehabil,2019,30922880
Arch Phys Med Rehabil,2019,30831093
Arch Phys Med Rehabil,2019,30796921
Arch Phys Med Rehabil,2019,30710510
J Rehabil Med,2019,31583420
J Rehabil Med,2019,31544952
J Rehabil Med,2019,31489438
J Rehabil Med,2019,31243466
J Rehabil Med,2019,31093683
J Rehabil Med,2019,30968941
J Rehabil Med,2019,30843082
J Rehabil Med,2019,30516821
Br J Sports Med,2020,33355180
Br J Sports Med,2020,33355160
Br J Sports Med,2020,33239356
Br J Sports Med,2020,33229444
Br J Sports Med,2020,33148599
Br J Sports Med,2020,33077482
Br J Sports Med,2020,33020139
Br J Sports Med,2020,32829298
Br J Sports Med,2020,32816795
Br J Sports Med,2020,32747344
Br J Sports Med,2020,32669263
Br J Sports Med,2020,32646887
Br J Sports Med,2020,32522732
Br J Sports Med,2020,32423912
Br J Sports Med,2020,32376673
Br J Sports Med,2020,32299793
Br J Sports Med,2020,32269058
Br J Sports Med,2020,32253193
Br J Sports Med,2020,32024644
Br J Sports Med,2020,31937577
Br J Sports Med,2020,31937576
Br J Sports Med,2020,31900248
Sports Med,2020,33368029
Sports Med,2020,33068273
Sports Med,2020,33034873
Sports Med,2020,32970291
Sports Med,2020,32946074
Sports Med,2020,32915430
Sports Med,2020,32915429
Sports Med,2020,32901442
Sports Med,2020,32757163
Sports Med,2020,32740889
Sports Med,2020,32720230
Sports Med,2020,32666247
Sports Med,2020,32661839
Sports Med,2020,32651861
Sports Med,2020,32613479
Sports Med,2020,32514700
Sports Med,2020,32451922
Sports Med,2020,32447717
Sports Med,2020,32410211
Sports Med,2020,32162242
Sports Med,2020,32096113
Sports Med,2020,32060751
Sports Med,2020,32034703
Sports Med,2020,32034701
Sports Med,2020,32020543
Sports Med,2020,31993949
Sports Med,2020,31960369
Sports Med,2020,31898217
Sports Med,2020,31873926
Sports Med,2020,31823338
Sports Med,2020,31820374
Sports Med,2020,31802395
Sports Med,2020,31797219
Sports Med,2020,31729638
Sports Med,2020,31728846
Sports Med,2020,31677122
Sports Med,2020,31643020
Sports Med,2020,31643019
Sports Med,2020,31628662
Sports Med,2020,31606879
Sports Med,2020,31556009
Sports Med,2020,31552570
Sports Med,2020,31541410
Sports Med,2020,31541409
Sports Med,2020,31529301
Sports Med,2020,31502142
Am J Sports Med,2020,33332160
Am J Sports Med,2020,33321046
Am J Sports Med,2020,33264030
Am J Sports Med,2020,33253008
Am J Sports Med,2020,33211975
Am J Sports Med,2020,33166481
Am J Sports Med,2020,33125261
Am J Sports Med,2020,33090889
Am J Sports Med,2020,33017544
Am J Sports Med,2020,33017542
Am J Sports Med,2020,32960075
Am J Sports Med,2020,32941053
Am J Sports Med,2020,32909823
Am J Sports Med,2020,32822236
Am J Sports Med,2020,32816535
Am J Sports Med,2020,32809855
Am J Sports Med,2020,32795174
Am J Sports Med,2020,32673067
Am J Sports Med,2020,32598852
Am J Sports Med,2020,32427520
Am J Sports Med,2020,32109153
Am J Sports Med,2020,32045280
Am J Sports Med,2020,31961703
Am J Sports Med,2020,31899868
Med Sci Sports Exerc,2020,32936597
Med Sci Sports Exerc,2020,32555018
Med Sci Sports Exerc,2020,32520867
Med Sci Sports Exerc,2020,32301856
Med Sci Sports Exerc,2020,31977639
Med Sci Sports Exerc,2020,31977635
Med Sci Sports Exerc,2020,31895295
Med Sci Sports Exerc,2020,31688647
Med Sci Sports Exerc,2020,31652233
Med Sci Sports Exerc,2020,31524827
J Sci Med Sport,2020,33388266
J Sci Med Sport,2020,33153926
J Sci Med Sport,2020,32951976
J Sci Med Sport,2020,32616421
J Sci Med Sport,2020,32499153
J Sci Med Sport,2020,32456980
J Sci Med Sport,2020,32360243
J Sci Med Sport,2020,32139313
Scand J Med Sci Sports,2020,33280182
Scand J Med Sci Sports,2020,33098219
Scand J Med Sci Sports,2020,32585734
Scand J Med Sci Sports,2020,32478931
Scand J Med Sci Sports,2020,32281690
Scand J Med Sci Sports,2020,32171032
Scand J Med Sci Sports,2020,32031709
Scand J Med Sci Sports,2020,31904889
Scand J Med Sci Sports,2020,31872465
Res Sports Med,2020,32954802
Eur J Phys Rehabil Med,2020,32519528
Eur J Phys Rehabil Med,2020,31939269
Arch Phys Med Rehabil,2020,33383030
Arch Phys Med Rehabil,2020,33250142
Arch Phys Med Rehabil,2020,33239203
Arch Phys Med Rehabil,2020,33152264
Arch Phys Med Rehabil,2020,32750371
Arch Phys Med Rehabil,2020,32745544
Arch Phys Med Rehabil,2020,32721388
Arch Phys Med Rehabil,2020,32668206
Arch Phys Med Rehabil,2020,32569586
Arch Phys Med Rehabil,2020,32553899
Arch Phys Med Rehabil,2020,32445847
Arch Phys Med Rehabil,2020,32437689
Arch Phys Med Rehabil,2020,32343973
Arch Phys Med Rehabil,2020,32272106
Arch Phys Med Rehabil,2020,32234412
Arch Phys Med Rehabil,2020,32234411
Arch Phys Med Rehabil,2020,32171743
Arch Phys Med Rehabil,2020,32059945
J Rehabil Med,2020,33073855
J Rehabil Med,2020,32940714
J Rehabil Med,2020,32449782
J Rehabil Med,2020,32338292
J Rehabil Med,2020,31848630
Br J Sports Med,2021,34916210
Br J Sports Med,2021,34911677
Br J Sports Med,2021,34872908
Br J Sports Med,2021,34789459
Br J Sports Med,2021,34593371
Br J Sports Med,2021,34531186
Br J Sports Med,2021,34344709
Br J Sports Med,2021,34253538
Br J Sports Med,2021,34244170
Br J Sports Med,2021,34187782
Br J Sports Med,2021,34006506
Br J Sports Med,2021,34001504
Br J Sports Med,2021,34001503
Br J Sports Med,2021,33926965
Br J Sports Med,2021,33849907
Br J Sports Med,2021,33731385
Br J Sports Med,2021,33402345
Sports Med,2021,34964950
Sports Med,2021,34932205
Sports Med,2021,34932203
Sports Med,2021,34894348
Sports Med,2021,34881412
Sports Med,2021,34881411
Sports Med,2021,34878641
Sports Med,2021,34878640
Sports Med,2021,34878638
Sports Med,2021,34854059
Sports Med,2021,34854058
Sports Med,2021,34826109
Sports Med,2021,34757594
Sports Med,2021,34716905
Sports Med,2021,34687438
Sports Med,2021,34674184
Sports Med,2021,34606061
Sports Med,2021,34554424
Sports Med,2021,34542869
Sports Med,2021,34536199
Sports Med,2021,34524655
Sports Med,2021,34499339
Sports Med,2021,34499338
Sports Med,2021,34478109
Sports Med,2021,34468951
Sports Med,2021,34453277
Sports Med,2021,34417979
Sports Med,2021,34339044
Sports Med,2021,34313979
Sports Med,2021,34143412
Sports Med,2021,34129223
Sports Med,2021,34115344
Sports Med,2021,34097298
Sports Med,2021,33914283
Sports Med,2021,33914282
Sports Med,2021,33909274
Sports Med,2021,33905087
Sports Med,2021,33900578
Sports Med,2021,33886099
Sports Med,2021,33877614
Sports Med,2021,33826121
Sports Med,2021,33818751
Sports Med,2021,33811616
Sports Med,2021,33774807
Sports Med,2021,33761129
Sports Med,2021,33761128
Sports Med,2021,33751469
Sports Med,2021,33721284
Sports Med,2021,33687663
Sports Med,2021,33666895
Sports Med,2021,33638795
Sports Med,2021,33609272
Sports Med,2021,33515391
Sports Med,2021,33492623
Sports Med,2021,33475986
Sports Med,2021,33459990
Sports Med,2021,33433864
Sports Med,2021,33433863
Sports Med,2021,33417154
Sports Med,2021,33400217
Sports Med,2021,33400215
Sports Med,2021,33400214
Sports Med,2021,33398798
Sports Med,2021,33332016
Sports Med,2021,33247378
Sports Med,2021,33245512
Sports Med,2021,33201455
Sports Med,2021,33201454
Sports Med,2021,33146851
Sports Med,2021,33104995
Sports Med,2021,33074460
Sports Med,2021,33068272
Sports Med,2021,33030707
Sports Med,2021,32897526
Am J Sports Med,2021,34181472
Am J Sports Med,2021,34161741
Am J Sports Med,2021,34102078
Am J Sports Med,2021,34048272
Am J Sports Med,2021,33974810
Am J Sports Med,2021,33890799
Am J Sports Med,2021,33886399
Am J Sports Med,2021,33783229
Am J Sports Med,2021,33769902
Am J Sports Med,2021,33740395
Am J Sports Med,2021,33740393
Am J Sports Med,2021,33720789
Am J Sports Med,2021,33720786
Am J Sports Med,2021,33720764
Am J Sports Med,2021,33646884
Am J Sports Med,2021,33630652
Am J Sports Med,2021,33565883
Am J Sports Med,2021,33475421
Am J Sports Med,2021,33471552
Am J Sports Med,2021,33411564
Am J Sports Med,2021,33395315
Med Sci Sports Exerc,2021,34649267
Med Sci Sports Exerc,2021,34081057
Med Sci Sports Exerc,2021,33787531
Med Sci Sports Exerc,2021,33587551
Med Sci Sports Exerc,2021,33449604
Med Sci Sports Exerc,2021,33433148
Med Sci Sports Exerc,2021,32925496
Med Sci Sports Exerc,2021,32890201
Med Sci Sports Exerc,2021,32890199
Med Sci Sports Exerc,2021,32826640
J Sci Med Sport,2021,34742626
J Sci Med Sport,2021,34509342
J Sci Med Sport,2021,34489178
J Sci Med Sport,2021,34465518
J Sci Med Sport,2021,34175202
J Sci Med Sport,2021,33893033
J Sci Med Sport,2021,33736965
J Sci Med Sport,2021,33707155
Scand J Med Sci Sports,2021,34913530
Scand J Med Sci Sports,2021,34861076
Scand J Med Sci Sports,2021,34657327
Scand J Med Sci Sports,2021,34623696
Scand J Med Sci Sports,2021,34416791
Scand J Med Sci Sports,2021,34170576
Scand J Med Sci Sports,2021,34022085
Scand J Med Sci Sports,2021,33909308
Scand J Med Sci Sports,2021,33797115
Scand J Med Sci Sports,2021,33655660
Scand J Med Sci Sports,2021,33630377
Scand J Med Sci Sports,2021,33576534
Scand J Med Sci Sports,2021,33559271
Scand J Med Sci Sports,2021,33533045
Eur J Phys Rehabil Med,2021,34918889
Eur J Phys Rehabil Med,2021,34498828
Eur J Phys Rehabil Med,2021,34247470
Eur J Phys Rehabil Med,2021,34105921
Eur J Phys Rehabil Med,2021,33960180
Arch Phys Med Rehabil,2021,34688605
Arch Phys Med Rehabil,2021,34509464
Arch Phys Med Rehabil,2021,34461084
Arch Phys Med Rehabil,2021,34425089
Arch Phys Med Rehabil,2021,34416249
Arch Phys Med Rehabil,2021,34407446
Arch Phys Med Rehabil,2021,34302791
Arch Phys Med Rehabil,2021,34283996
Arch Phys Med Rehabil,2021,34015349
Arch Phys Med Rehabil,2021,33965395
Arch Phys Med Rehabil,2021,33933439
Arch Phys Med Rehabil,2021,33932361
Arch Phys Med Rehabil,2021,33930327
Arch Phys Med Rehabil,2021,33930326
Arch Phys Med Rehabil,2021,33901439
Arch Phys Med Rehabil,2021,33812883
Arch Phys Med Rehabil,2021,33722564
Arch Phys Med Rehabil,2021,33684362
Arch Phys Med Rehabil,2021,33684361
Arch Phys Med Rehabil,2021,33567335
Arch Phys Med Rehabil,2021,33460576
Arch Phys Med Rehabil,2021,33454279
J Rehabil Med,2021,33961057
J Rehabil Med,2021,33904586
J Rehabil Med,2021,33876251
J Rehabil Med,2021,33846757
J Rehabil Med,2021,33764479
J Rehabil Med,2021,33739436
J Rehabil Med,2021,33594445
J Rehabil Med,2021,33492404
J Rehabil Med,2021,33225375
Br J Sports Med,2022,35260411
Br J Sports Med,2022,35115309
Sports Med,2022,35041180
Sports Med,2022,35038142
Am J Sports Med,2022,35180008
Med Sci Sports Exerc,2022,34559728
Med Sci Sports Exerc,2022,34559725
Med Sci Sports Exerc,2022,34559724
Med Sci Sports Exerc,2022,34431827
Med Sci Sports Exerc,2022,34334722
J Sci Med Sport,2022,35190263
Scand J Med Sci Sports,2022,35090181
J Rehabil Med,2022,35174868
J Rehabil Med,2022,35037693
J Rehabil Med,2022,34913062